date,btc_close,def_signal,agg_signal,position,equity_cascade_weekly,hodl_equity
2015-11-01,328.98,0.0,1.0,0.5,100.0,100.0
2015-11-08,371.87,0.0,1.0,0.5,106.26863335157152,113.03726670314305
2015-11-15,317.0,0.0,1.0,0.5,98.42858183894516,96.35844124262873
2015-11-22,323.11,0.0,1.0,0.5,99.3771601276454,98.21569700285731
2015-11-29,371.04,0.0,1.0,0.5,106.74794296463288,112.7849717308043
2015-12-06,394.6,0.0,1.0,0.5,110.1370405501314,119.94650130707033
2015-12-13,435.8,0.0,1.0,0.5,115.88671879476573,132.47005897015015
2015-12-20,441.48,0.0,1.0,0.5,116.64192366254255,134.1966076965165
2015-12-27,423.29,0.0,1.0,0.5,114.23896476132205,128.6673961942975
2016-01-03,430.85,0.0,1.0,0.5,115.25912419527464,130.96540823150343
2016-01-10,447.21,0.0,1.0,0.5,117.4474023336461,135.9383549151924
2016-01-17,382.85,0.0,1.0,0.5,108.9962107075717,116.37485561432305
2016-01-24,402.5,0.0,1.0,0.5,111.79335781532119,122.34786309198127
2016-01-31,370.0,0.0,1.0,0.5,107.27996138178338,112.46884309076539
2016-02-07,375.4,0.0,1.0,0.5,108.06281515402883,114.11028026019818
2016-02-14,403.95,0.0,1.0,0.5,112.17202316234997,122.78861936895859
2016-02-21,437.7,0.0,1.0,0.5,116.85800630596836,133.04760167791355
2016-02-28,432.16,0.0,1.0,0.5,116.11846626149149,131.363608730014
2016-03-06,404.78,0.0,1.0,0.5,112.44005594327643,123.04091434129734
2016-03-13,412.64,0.0,1.0,0.5,113.53173394084817,125.43011733236062
2016-03-20,411.34,0.0,1.0,0.5,113.3528961474652,125.03495653231198
2016-03-27,424.3,0.0,1.0,0.5,115.13858868170837,128.97440573895068
2016-04-03,419.0,0.0,1.0,0.5,114.41948130483696,127.36336555413703
2016-04-10,420.77,0.0,1.0,0.5,114.6611549109343,127.90139218189553
2016-04-17,426.75,0.0,1.0,0.5,115.4759393613079,129.71913186211927
2016-04-24,459.4,0.0,1.0,0.5,119.89338449328997,139.64374734026384
2016-05-01,451.4,0.0,1.0,0.5,118.84947169839846,137.21198857073378
2016-05-08,457.81,0.0,1.0,0.5,119.6933187449057,139.16043528481973
2016-05-15,457.48,0.0,1.0,0.5,119.65017989343256,139.06012523557663
2016-05-22,437.85,0.0,1.0,0.5,117.08314632769408,133.09319715484224
2016-05-29,513.85,0.0,1.0,0.5,127.24452479167117,156.19490546537784
2016-06-05,573.76,0.0,1.0,0.5,134.66227265609564,174.40573895069608
2016-06-12,667.94,0.0,1.0,0.5,145.714361368058,203.03361906498876
2016-06-19,760.55,0.0,1.0,0.5,155.81602245011317,231.18426652076113
2016-06-26,628.61,0.0,1.0,0.5,142.300562584182,191.07848501428657
2016-07-03,664.14,0.0,1.0,0.5,146.32208545895008,201.87853364946196
2016-07-10,646.55,0.0,1.0,0.5,144.38438747115916,196.53170405495771
2016-07-17,678.23,0.0,1.0,0.5,147.92169888952304,206.1614687822968
2016-07-24,659.51,0.0,1.0,0.5,145.88028653441353,200.47115326159647
2016-07-31,620.01,0.0,1.0,0.5,141.51168612038697,188.46434433704175
2016-08-07,592.6,0.0,1.0,0.5,138.3836435754604,180.1325308529394
2016-08-14,567.45,0.0,1.0,0.5,135.44713612024375,172.48768922122926
2016-08-21,578.47,0.0,1.0,0.5,136.7623422529824,175.8374369262569
2016-08-28,573.0,0.0,1.0,0.5,136.11573135516244,174.17472186759073
2016-09-04,604.25,0.0,1.0,0.5,139.82743868923646,183.67377956106753
2016-09-11,603.8,0.0,1.0,0.5,139.77537220399842,183.53699313028145
2016-09-18,608.0,0.0,1.0,0.5,140.2615071520415,184.81366648428474
2016-09-25,597.41,0.0,1.0,0.5,139.03998629616973,181.5946258131193
2016-10-02,608.59,1.0,1.0,1.0,140.34099150765863,184.9930086935376
2016-10-09,613.61,1.0,1.0,1.0,141.14775216313166,186.51893732141772
2016-10-16,638.09,1.0,1.0,1.0,146.77884841800605,193.9601191561797
2016-10-23,649.69,1.0,1.0,1.0,149.44717834270142,197.4861693719983
2016-10-30,696.36,1.0,1.0,1.0,160.1826057207646,211.67244209374428
2016-11-06,710.22,1.0,1.0,1.0,163.37079992389198,215.8854641619551
2016-11-13,701.51,1.0,1.0,1.0,161.3672521959526,213.23788680162926
2016-11-20,727.09,1.0,1.0,1.0,167.25137973678946,221.01343546720167
2016-11-27,726.12,1.0,1.0,1.0,167.02825214825887,220.71858471639612
2016-12-04,761.99,1.0,1.0,1.0,175.27937235505397,231.62198309927655
2016-12-11,768.19,1.0,1.0,1.0,176.7055486941153,233.50659614566234
2016-12-18,788.68,1.0,1.0,1.0,181.41883146627117,239.73493829412118
2016-12-25,891.67,1.0,1.0,1.0,205.10946068561395,271.04079275335886
2017-01-01,998.8,1.0,1.0,1.0,229.75240765394284,303.60508237582826
2017-01-08,906.17,1.0,1.0,1.0,208.44487309148315,275.4483555231321
2017-01-15,822.47,1.0,1.0,1.0,189.19149251415536,250.00607939692384
2017-01-22,919.39,1.0,1.0,1.0,211.48584909186874,279.46683688978055
2017-01-29,913.1,1.0,1.0,1.0,210.03897019304688,277.5548665572375
2017-02-05,1014.57,1.0,1.0,1.0,233.37995618087785,308.3986868502644
2017-02-12,1001.63,1.0,1.0,1.0,230.4033881441918,304.46531704054956
2017-02-19,1051.8,1.0,1.0,1.0,241.94391506849925,319.71548422396495
2017-02-26,1179.05,1.0,1.0,1.0,271.2150342855239,358.3956471518025
2017-03-05,1273.0,1.0,1.0,1.0,292.8262063911386,386.9536142014712
2017-03-12,1226.62,1.0,1.0,1.0,282.1574872611928,372.85549273512066
2017-03-19,1017.97,1.0,1.0,1.0,234.16205288294378,309.4321843273147
2017-03-26,960.0,1.0,1.0,1.0,220.82730411272044,291.8110523436075
2017-04-02,1078.01,1.0,1.0,1.0,247.97296052766015,327.6825338926378
2017-04-09,1206.2,1.0,1.0,1.0,277.4603064799619,366.64842847589523
2017-04-16,1162.31,1.0,1.0,1.0,267.36435817005844,353.30719192656085
2017-04-23,1241.99,1.0,1.0,1.0,285.6930244114142,377.52750927108025
2017-04-30,1350.21,1.0,1.0,1.0,310.5867023812878,410.42312602589817
2017-05-07,1554.01,1.0,1.0,1.0,357.46649881688415,472.37218067967655
2017-05-14,1784.0,1.0,1.0,1.0,410.3707401428055,542.2822056052039
2017-05-21,2017.55,1.0,1.0,1.0,464.0938827214782,613.2743631831721
2017-05-28,2178.81,1.0,1.0,1.0,501.18826924357955,662.2925405799745
2017-06-04,2530.27,1.0,1.0,1.0,582.0340653930137,769.1257827223538
2017-06-11,2954.22,1.0,1.0,1.0,679.5546232873761,897.9937990151376
2017-06-18,2516.98,1.0,1.0,1.0,578.9769874017034,765.0860234664722
2017-06-25,2502.03,1.0,1.0,1.0,575.5380621970313,760.5416742659129
2017-07-02,2504.37,1.0,1.0,1.0,576.076328750806,761.2529637060003
2017-07-09,2502.28,1.0,1.0,1.0,575.5955693074774,760.6176667274607
2017-07-16,1917.63,1.0,1.0,1.0,441.1094408184128,582.9016961517418
2017-07-23,2749.02,1.0,1.0,1.0,632.3527870332822,835.6191865766915
2017-07-30,2742.37,1.0,1.0,1.0,630.8230978954181,833.5977870995196
2017-08-06,3222.75,1.0,1.0,1.0,741.3241607596563,979.618821812876
2017-08-13,4053.87,1.0,1.0,1.0,932.5053992952439,1232.2542403793543
2017-08-20,4058.68,1.0,1.0,1.0,933.6118361002254,1233.7163353395342
2017-08-27,4337.68,1.0,1.0,1.0,997.789771357985,1318.5239224268953
2017-09-03,4606.26,1.0,1.0,1.0,1059.5708102523542,1400.1641437169433
2017-09-10,4226.22,1.0,1.0,1.0,972.1508012367309,1284.6434433704178
2017-09-17,3662.99,1.0,1.0,1.0,842.5918819706812,1113.4385069001153
2017-09-24,3664.22,1.0,1.0,1.0,842.8748169540755,1113.8123898109307
2017-10-01,4377.22,1.0,1.0,1.0,1006.8850959461274,1330.5428901452976
2017-10-08,4597.98,1.0,1.0,1.0,1057.6661747543817,1397.6472733904793
2017-10-15,5679.7,1.0,1.0,1.0,1306.4925408010608,1726.4575354124868
2017-10-22,5969.0,1.0,1.0,1.0,1373.0397690091963,1814.396011915618
2017-10-29,6137.37,1.0,1.0,1.0,1411.7696577523827,1865.5754149188401
2017-11-05,7372.72,1.0,0.0,0.0,1695.9352933103507,2241.0845644112105
2017-11-12,5870.37,1.0,0.0,0.0,1687.4556168437987,1784.415465985774
2017-11-19,8016.58,1.0,0.0,0.0,1687.4556168437987,2436.7985895799134
2017-11-26,9271.06,1.0,0.0,0.0,1687.4556168437987,2818.1226822299222
2017-12-03,11250.0,1.0,0.0,0.0,1687.4556168437987,3419.6607696516503
2017-12-10,14691.0,1.0,0.0,0.0,1687.4556168437987,4465.621010395768
2017-12-17,18953.0,1.0,0.0,0.0,1687.4556168437987,5761.14049486291
2017-12-24,14157.87,1.0,0.0,0.0,1687.4556168437987,4303.565566295823
2017-12-31,13880.0,1.0,0.0,0.0,1687.4556168437987,4219.101465134659
2018-01-07,16124.02,1.0,0.0,0.0,1687.4556168437987,4901.215879384765
2018-01-14,13647.99,1.0,0.0,0.0,1687.4556168437987,4148.577421119825
2018-01-21,11558.87,1.0,0.0,0.0,1687.4556168437987,3513.547936044744
2018-01-28,11685.58,1.0,0.0,0.0,1687.4556168437987,3552.063955255638
2018-02-04,8191.0,1.0,0.0,0.0,1687.4556168437987,2489.817010152593
2018-02-11,8067.0,1.0,0.0,0.0,1687.4556168437987,2452.1247492248767
2018-02-18,10421.06,1.0,0.0,0.0,1687.4556168437987,3167.688005349869
2018-02-25,9590.04,1.0,0.0,0.0,1687.4556168437987,2915.0829837680103
2018-03-04,11463.27,1.0,0.0,0.0,1687.4556168437987,3484.48841874886
2018-03-11,9535.04,1.0,0.0,0.0,1687.4556168437987,2898.364642227491
2018-03-18,8188.24,1.0,0.0,0.0,1687.4556168437987,2488.978053377105
2018-03-25,8453.9,1.0,0.0,0.0,1687.4556168437987,2569.7306827162743
2018-04-01,6813.52,1.0,0.0,0.0,1687.4556168437987,2071.104626421059
2018-04-08,7027.26,1.0,0.0,0.0,1687.4556168437987,2136.0751413459784
2018-04-15,8354.22,1.0,0.0,0.0,1687.4556168437987,2539.4309684479294
2018-04-22,8789.96,1.0,0.0,0.0,1687.4556168437987,2671.8827892273084
2018-04-29,9393.99,1.0,0.0,0.0,1687.4556168437987,2855.489695422214
2018-05-06,9623.54,1.0,0.0,0.0,1687.4556168437987,2925.2659736154174
2018-05-13,8696.58,1.0,0.0,0.0,1687.4556168437987,2643.498084989969
2018-05-20,8518.48,1.0,0.0,0.0,1687.4556168437987,2589.3610553833055
2018-05-27,7347.39,1.0,0.0,0.0,1687.4556168437987,2233.385008207186
2018-06-03,7703.67,1.0,0.0,0.0,1687.4556168437987,2341.683385008207
2018-06-10,6781.17,1.0,0.0,0.0,1687.4556168437987,2061.271201896772
2018-06-17,6453.41,1.0,0.0,0.0,1687.4556168437987,1961.642045109125
2018-06-24,6153.4,1.0,0.0,0.0,1687.4556168437987,1870.4480515532857
2018-07-01,6349.99,1.0,0.0,0.0,1687.4556168437987,1930.2054836160253
2018-07-08,6706.6,1.0,0.0,0.0,1687.4556168437987,2038.6041704662898
2018-07-15,6349.3,1.0,0.0,0.0,1687.4556168437987,1929.9957444221534
2018-07-22,7396.6,1.0,0.0,0.0,1687.4556168437987,2248.3433643382577
2018-07-29,8216.74,1.0,0.0,0.0,1687.4556168437987,2497.6411939935556
2018-08-05,7032.61,1.0,0.0,0.0,1687.4556168437987,2137.7013800231016
2018-08-12,6310.82,1.0,0.0,0.0,1687.4556168437987,1918.2989847407136
2018-08-19,6481.99,1.0,0.0,0.0,1687.4556168437987,1970.329503313271
2018-08-26,6700.46,1.0,0.0,0.0,1687.4556168437987,2036.7377956106754
2018-09-02,7290.31,1.0,0.0,0.0,1687.4556168437987,2216.034409386589
2018-09-09,6236.04,1.0,0.0,0.0,1687.4556168437987,1895.5681196425314
2018-09-16,6499.98,1.0,0.0,0.0,1687.4556168437987,1975.7979208462518
2018-09-23,6702.22,1.0,0.0,0.0,1687.4556168437987,2037.272782539972
2018-09-30,6597.81,1.0,0.0,0.0,1687.4556168437987,2005.5352908991426
2018-10-07,6577.63,0.0,0.0,0.0,1687.4556168437987,1999.401179403003
2018-10-14,6183.0,1.0,0.0,0.0,1687.4556168437987,1879.4455590005468
2018-10-21,6413.38,0.0,0.0,0.0,1687.4556168437987,1949.474132166089
2018-10-28,6405.57,0.0,0.0,0.0,1687.4556168437987,1947.1001276673353
2018-11-04,6421.76,0.0,0.0,0.0,1687.4556168437987,1952.0213994771718
2018-11-11,6357.54,0.0,0.0,0.0,1687.4556168437987,1932.5004559547692
2018-11-18,5559.26,0.0,0.0,0.0,1687.4556168437987,1689.847407137212
2018-11-25,3938.89,0.0,0.0,0.0,1687.4556168437987,1197.3037874642835
2018-12-02,4102.05,0.0,0.0,0.0,1687.4556168437987,1246.8995075688492
2018-12-09,3529.75,0.0,0.0,0.0,1687.4556168437987,1072.9375645935922
2018-12-16,3193.78,0.0,0.0,0.0,1687.4556168437987,970.8128153687154
2018-12-23,3943.83,0.0,0.0,0.0,1687.4556168437987,1198.8053985044683
2018-12-30,3835.79,0.0,0.0,0.0,1687.4556168437987,1165.9644963219648
2019-01-06,4040.71,0.0,0.0,0.0,1687.4556168437987,1228.2539972034774
2019-01-13,3515.95,0.0,0.0,0.0,1687.4556168437987,1068.7427807161528
2019-01-20,3536.72,0.0,0.0,0.0,1687.4556168437987,1075.0562344215452
2019-01-27,3533.23,0.0,0.0,0.0,1687.4556168437987,1073.995379658338
2019-02-03,3414.82,0.0,0.0,0.0,1687.4556168437987,1038.0023101708312
2019-02-10,3650.37,0.0,0.0,0.0,1687.4556168437987,1109.6024074411816
2019-02-17,3625.6,0.0,0.0,0.0,1687.4556168437987,1102.0730743510242
2019-02-24,3730.68,0.0,0.0,0.0,1687.4556168437987,1134.0142257888017
2019-03-03,3789.52,0.0,0.0,0.0,1687.4556168437987,1151.8998115386953
2019-03-10,3897.92,0.0,0.0,0.0,1687.4556168437987,1184.8501428658278
2019-03-17,3965.5,0.0,0.0,0.0,1687.4556168437987,1205.3924250714329
2019-03-24,3969.99,0.0,0.0,0.0,1687.4556168437987,1206.7572496808316
2019-03-31,4096.08,0.0,0.0,0.0,1687.4556168437987,1245.0848075870872
2019-04-07,5190.85,0.0,0.0,0.0,1687.4556168437987,1577.8618761018906
2019-04-14,5162.72,0.0,0.0,0.0,1687.4556168437987,1569.3112043285305
2019-04-21,5295.65,0.0,0.0,0.0,1687.4556168437987,1609.7179159827344
2019-04-28,5160.98,0.0,0.0,0.0,1687.4556168437987,1568.7822967961577
2019-05-05,5709.32,0.0,0.0,0.0,1687.4556168437987,1735.461122256672
2019-05-12,6974.35,1.0,0.0,0.0,1687.4556168437987,2119.992096783999
2019-05-19,8200.0,1.0,0.0,0.0,1687.4556168437987,2492.552738768314
2019-05-26,8733.26,1.0,0.0,0.0,1687.4556168437987,2654.6476989482644
2019-06-02,8734.49,1.0,0.0,0.0,1687.4556168437987,2655.021581859079
2019-06-09,7632.99,1.0,0.0,0.0,1687.4556168437987,2320.1987962794087
2019-06-16,8974.19,1.0,0.0,0.0,1687.4556168437987,2727.8831539911243
2019-06-23,10831.95,1.0,0.0,0.0,1687.4556168437987,3292.5861754513953
2019-06-30,10760.1,1.0,0.0,0.0,1687.4556168437987,3270.7459420025534
2019-07-07,11469.96,1.0,0.0,0.0,1687.4556168437987,3486.521977019879
2019-07-14,10191.87,1.0,0.0,0.0,1687.4556168437987,3098.021156301295
2019-07-21,10600.24,1.0,0.0,0.0,1687.4556168437987,3222.153322390419
2019-07-28,9533.19,1.0,0.0,0.0,1687.4556168437987,2897.802298012037
2019-08-04,10986.96,1.0,0.0,0.0,1687.4556168437987,3339.7045413095016
2019-08-11,11528.73,1.0,0.0,0.0,1687.4556168437987,3504.3862848805397
2019-08-18,10318.99,1.0,0.0,0.0,1687.4556168437987,3136.6618031491275
2019-08-25,10136.75,1.0,0.0,0.0,1687.4556168437987,3081.266338379233
2019-09-01,9767.53,1.0,0.0,0.0,1687.4556168437987,2969.0345917684963
2019-09-08,10400.18,1.0,0.0,0.0,1687.4556168437987,3161.3411149613958
2019-09-15,10305.74,1.0,0.0,0.0,1687.4556168437987,3132.6342026870934
2019-09-22,10020.58,1.0,0.0,0.0,1687.4556168437987,3045.9541613471943
2019-09-29,8047.6,1.0,0.0,0.0,1687.4556168437987,2446.2277342087664
2019-10-06,7854.12,1.0,0.0,0.0,1687.4556168437987,2387.4156483676816
2019-10-13,8282.96,1.0,0.0,0.0,1687.4556168437987,2517.7700772083404
2019-10-20,8235.74,1.0,0.0,0.0,1687.4556168437987,2503.4166210711896
2019-10-27,9557.08,1.0,0.0,0.0,1687.4556168437987,2905.064137637546
2019-11-03,9207.0,1.0,0.0,0.0,1687.4556168437987,2798.6503738829106
2019-11-10,9024.49,1.0,0.0,0.0,1687.4556168437987,2743.1728372545444
2019-11-17,8499.31,1.0,0.0,0.0,1687.4556168437987,2583.5339534318196
2019-11-24,6908.36,1.0,0.0,0.0,1687.4556168437987,2099.9331266338377
2019-12-01,7412.66,1.0,0.0,0.0,1687.4556168437987,2253.225120068089
2019-12-08,7524.26,1.0,0.0,0.0,1687.4556168437987,2287.1481549030336
2019-12-15,7115.08,1.0,0.0,0.0,1687.4556168437987,2162.7697732384945
2019-12-22,7509.7,1.0,0.0,0.0,1687.4556168437987,2282.722353942489
2019-12-29,7385.54,1.0,0.0,0.0,1687.4556168437987,2244.9814578393825
2020-01-05,7356.7,1.0,0.0,0.0,1687.4556168437987,2236.2149674752263
2020-01-12,8180.76,1.0,0.0,0.0,1687.4556168437987,2486.7043589275945
2020-01-19,8696.6,1.0,0.0,0.0,1687.4556168437987,2643.5041643868926
2020-01-26,8590.48,1.0,0.0,0.0,1687.4556168437987,2611.2468843090764
2020-02-02,9329.39,1.0,0.0,0.0,1687.4556168437987,2835.8532433582586
2020-02-09,10173.97,1.0,0.0,0.0,1687.4556168437987,3092.580096054471
2020-02-16,9912.89,1.0,0.0,0.0,1687.4556168437987,3013.219648610858
2020-02-23,9965.21,1.0,0.0,0.0,1687.4556168437987,3029.123350963584
2020-03-01,8528.95,1.0,0.0,0.0,1687.4556168437987,2592.543619672929
2020-03-08,8033.7,1.0,0.0,0.0,1687.4556168437987,2442.002553346708
2020-03-15,5343.64,1.0,1.0,1.0,1687.4556168437987,1624.305428901453
2020-03-22,5813.15,1.0,1.0,1.0,1827.2838069917827,1767.0223113867103
2020-03-29,5870.9,1.0,1.0,1.0,1845.4367257800086,1784.5765700042552
2020-04-05,6775.2,1.0,1.0,1.0,2129.6910021469816,2059.45650191501
2020-04-12,6908.24,0.0,1.0,0.5,2171.510297654957,2099.896650252295
2020-04-19,7126.4,0.0,1.0,0.5,2200.3693207232814,2166.2107118973795
2020-04-26,7701.73,0.0,1.0,0.5,2289.1896564672566,2341.093683506596
2020-05-03,8915.98,1.0,1.0,1.0,2469.6457708964413,2710.1890692443303
2020-05-10,8731.17,1.0,1.0,1.0,2412.280958989016,2654.0124019697246
2020-05-17,9665.7,1.0,1.0,1.0,2670.476472832408,2938.0813423308405
2020-05-24,8718.77,0.0,1.0,0.5,2408.8550396802107,2650.243175876953
2020-05-31,9446.19,0.0,1.0,0.5,2503.3200885169513,2871.3569213933974
2020-06-07,9750.04,0.0,1.0,0.5,2543.581495967779,2963.718159158612
2020-06-14,9329.99,0.0,1.0,0.5,2488.7903665272197,2836.0356252659735
2020-06-21,9283.03,0.0,1.0,0.5,2482.527037434042,2821.761201288832
2020-06-28,9118.01,0.0,1.0,0.5,2460.4616874503963,2771.600097270351
2020-07-05,9076.82,0.0,1.0,0.5,2454.9042019406147,2759.0795793057323
2020-07-12,9306.17,0.0,1.0,0.5,2485.91904407228,2828.7950635296975
2020-07-19,9211.99,0.0,1.0,0.5,2473.340085404497,2800.167183415405
2020-07-26,9944.65,0.0,1.0,0.5,2571.6965397087497,3022.873730925892
2020-08-02,11071.66,1.0,1.0,1.0,2717.419502166813,3365.4507872819013
2020-08-09,11683.03,1.0,1.0,1.0,2860.6801242439296,3551.288832147851
2020-08-16,11914.02,1.0,1.0,1.0,2917.239809693603,3621.502826919569
2020-08-23,11644.65,1.0,1.0,1.0,2851.2824848328787,3539.62246945103
2020-08-30,11708.97,1.0,1.0,1.0,2867.0317335801105,3559.1738099580516
2020-09-06,10260.17,1.0,1.0,1.0,2512.2818644105023,3118.7822967961574
2020-09-13,10334.78,1.0,1.0,1.0,2530.5506991280236,3141.4614870204878
2020-09-20,10923.5,1.0,1.0,1.0,2674.70333784802,3320.4146148702043
2020-09-27,10780.66,1.0,1.0,1.0,2639.7278606861023,3276.9955620402457
2020-10-04,10669.63,1.0,1.0,1.0,2612.5413076947284,3243.2457900176296
2020-10-11,11372.93,1.0,1.0,1.0,2784.749744322962,3457.0277828439416
2020-10-18,11519.97,1.0,1.0,1.0,2820.7536239217334,3501.7235090279037
2020-10-25,13039.09,1.0,1.0,1.0,3192.721888176934,3963.4901817739683
2020-11-01,13762.0,1.0,1.0,1.0,3369.731984754378,4183.23302328409
2020-11-08,15489.15,1.0,1.0,1.0,3792.638001137791,4708.234543133321
2020-11-15,15975.49,1.0,1.0,1.0,3911.7221061708856,4856.067238129977
2020-11-22,18435.2,1.0,1.0,1.0,4514.001096159273,5603.744908505076
2020-11-29,18192.03,1.0,1.0,1.0,4454.459043642726,5529.828561006748
2020-12-06,19380.58,1.0,1.0,1.0,4745.484690385919,5891.111921697368
2020-12-13,19162.36,1.0,1.0,1.0,4692.051838059724,5824.779621861511
2020-12-20,23470.85,1.0,1.0,1.0,5747.018889287336,7134.430664478083
2020-12-27,26259.6,1.0,1.0,1.0,6429.86586447145,7982.126573043954
2021-01-03,33097.83,1.0,1.0,1.0,8104.259292033356,10060.7422943644
2021-01-10,38173.73,1.0,1.0,1.0,9347.13260851459,11603.662836646605
2021-01-17,35819.25,1.0,1.0,1.0,8770.619996723826,10887.971913186211
2021-01-24,32288.83,1.0,1.0,1.0,7906.1693940776595,9814.830688795671
2021-01-31,33141.38,1.0,1.0,1.0,8114.922845872626,10073.980181166027
2021-02-07,38858.39,1.0,1.0,1.0,9514.77689718498,11811.77883153991
2021-02-14,48662.5,1.0,0.0,0.0,11915.38894841665,14791.932640282084
2021-02-21,57492.91,1.0,0.0,0.0,11855.812003674566,17476.11100978783
2021-02-28,45240.96,1.0,0.0,0.0,11855.812003674566,13751.887652744846
2021-03-07,50967.3,1.0,0.0,0.0,11855.812003674566,15492.522341783695
2021-03-14,59016.39,1.0,0.0,0.0,11855.812003674566,17939.202991063285
2021-03-21,57381.79,1.0,0.0,0.0,11855.812003674566,17442.333880479055
2021-03-28,55790.92,1.0,0.0,0.0,11855.812003674566,16958.75737126877
2021-04-04,58212.18,1.0,0.0,0.0,11855.812003674566,17694.74740105781
2021-04-11,59979.26,1.0,0.0,0.0,11855.812003674566,18231.88643686546
2021-04-18,56280.6,1.0,0.0,0.0,11855.812003674566,17107.605325551704
2021-04-25,49128.43,1.0,0.0,0.0,11855.812003674566,14933.561310717976
2021-05-02,56622.66,1.0,0.0,0.0,11855.812003674566,17211.581251139887
2021-05-09,58305.24,1.0,0.0,0.0,11855.812003674566,17723.03483494437
2021-05-16,46444.75,1.0,0.0,0.0,11855.812003674566,14117.803513891422
2021-05-23,34706.79,1.0,0.0,0.0,11855.812003674566,10549.817618092286
2021-05-30,35677.72,1.0,0.0,0.0,11855.812003674566,10844.951060854763
2021-06-06,35808.85,1.0,0.0,0.0,11855.812003674566,10884.810626785822
2021-06-13,39013.76,1.0,0.0,0.0,11855.812003674566,11859.006626542647
2021-06-20,35589.77,1.0,0.0,0.0,11855.812003674566,10818.21691288224
2021-06-27,34699.5,1.0,0.0,0.0,11855.812003674566,10547.60167791355
2021-07-04,35289.21,1.0,0.0,0.0,11855.812003674566,10726.855735910996
2021-07-11,34258.53,1.0,0.0,0.0,11855.812003674566,10413.56009483859
2021-07-18,31776.65,1.0,0.0,0.0,11855.812003674566,9659.143412973432
2021-07-25,35428.28,1.0,0.0,0.0,11855.812003674566,10769.128822420815
2021-08-01,39839.0,1.0,0.0,0.0,11855.812003674566,12109.85470241352
2021-08-08,43858.42,1.0,0.0,0.0,11855.812003674566,13331.637181591586
2021-08-15,47028.3,1.0,0.0,0.0,11855.812003674566,14295.18511763633
2021-08-22,49301.86,1.0,0.0,0.0,11855.812003674566,14986.278801142927
2021-08-29,48808.72,1.0,0.0,0.0,11855.812003674566,14836.37911119217
2021-09-05,51809.28,1.0,0.0,0.0,11855.812003674566,15748.458872879808
2021-09-12,46035.0,1.0,0.0,0.0,11855.812003674566,13993.251869414553
2021-09-19,47245.25,1.0,0.0,0.0,11855.812003674566,14361.131375767522
2021-09-26,43204.73,1.0,0.0,0.0,11855.812003674566,13132.935132834822
2021-10-03,48235.93,1.0,0.0,0.0,11855.812003674566,14662.26822299228
2021-10-10,54714.95,1.0,0.0,0.0,11855.812003674566,16631.69493586236
2021-10-17,61538.97,1.0,0.0,0.0,11855.812003674566,18705.99124566843
2021-10-24,60910.16,1.0,0.0,0.0,11855.812003674566,18514.851966684902
2021-10-31,61359.44,1.0,0.0,0.0,11855.812003674566,18651.419539181716
2021-11-07,63300.0,1.0,0.0,0.0,11855.812003674566,19241.29126390662
2021-11-14,65509.87,1.0,0.0,0.0,11855.812003674566,19913.025107909296
2021-11-21,58678.47,1.0,0.0,0.0,11855.812003674566,17836.485500638337
2021-11-28,57338.55,1.0,0.0,0.0,11855.812003674566,17429.190224329748
2021-12-05,49463.22,1.0,0.0,0.0,11855.812003674566,15035.327375524346
2021-12-12,50124.38,1.0,0.0,0.0,11855.812003674566,15236.300079032158
2021-12-19,46704.67,1.0,0.0,0.0,11855.812003674566,14196.811356313452
2021-12-26,50791.21,1.0,0.0,0.0,11855.812003674566,15438.996291567875
2022-01-02,47350.22,1.0,0.0,0.0,11855.812003674566,14393.03909052222
2022-01-09,41875.81,1.0,0.0,0.0,11855.812003674566,12728.983524834335
2022-01-16,43107.7,0.0,0.0,0.0,11855.812003674566,13103.440938658883
2022-01-23,36293.62,0.0,0.0,0.0,11855.812003674566,11032.166089123959
2022-01-30,37941.82,0.0,0.0,0.0,11855.812003674566,11533.169189616388
2022-02-06,42420.24,0.0,0.0,0.0,11855.812003674566,12894.473828196244
2022-02-13,42077.74,0.0,0.0,0.0,11855.812003674566,12790.364155875735
2022-02-20,38373.9,0.0,0.0,0.0,11855.812003674566,11664.508480758708
2022-02-27,37712.68,0.0,0.0,0.0,11855.812003674566,11463.517539060125
2022-03-06,38438.89,0.0,0.0,0.0,11855.812003674566,11684.263481062677
2022-03-13,37790.54,0.0,0.0,0.0,11855.812003674566,11487.184631284576
2022-03-20,41242.14,0.0,0.0,0.0,11855.812003674566,12536.36695239832
2022-03-27,46864.39,0.0,0.0,0.0,11855.812003674566,14245.36142014712
2022-04-03,46401.57,0.0,0.0,0.0,11855.812003674566,14104.678095932883
2022-04-10,42133.85,0.0,0.0,0.0,11855.812003674566,12807.419903945527
2022-04-17,39691.27,0.0,0.0,0.0,11855.812003674566,12064.949237035684
2022-04-24,39467.4,1.0,0.0,0.0,11855.812003674566,11996.899507568849
2022-05-01,38488.34,1.0,0.0,0.0,11855.812003674566,11699.294789956835
2022-05-08,34025.5,0.0,0.0,0.0,11855.812003674566,10342.726001580642
2022-05-15,31295.03,0.0,0.0,0.0,11855.812003674566,9512.745455650798
2022-05-22,30264.66,0.0,0.0,0.0,11855.812003674566,9199.544045230712
2022-05-29,29448.94,0.0,0.0,0.0,11855.812003674566,8951.58976229558
2022-06-05,29888.98,0.0,0.0,0.0,11855.812003674566,9085.34865341358
2022-06-12,26585.1,0.0,0.0,0.0,11855.812003674566,8081.0687579792075
2022-06-19,20552.82,0.0,0.0,0.0,11855.812003674566,6247.437534196607
2022-06-26,21028.69,0.0,0.0,0.0,11855.812003674566,6392.087664903641
2022-07-03,19294.46,0.0,0.0,0.0,11855.812003674566,5864.934038543376
2022-07-10,20856.08,0.0,0.0,0.0,11855.812003674566,6339.619429752569
2022-07-17,20801.85,0.0,0.0,0.0,11855.812003674566,6323.1351449936155
2022-07-24,22595.81,0.0,0.0,0.0,11855.812003674566,6868.444890266886
2022-07-31,23322.53,0.0,0.0,0.0,11855.812003674566,7089.345856890996
2022-08-07,23187.62,0.0,0.0,0.0,11855.812003674566,7048.337284941333
2022-08-14,24320.0,0.0,0.0,0.0,11855.812003674566,7392.546659371389
2022-08-21,21514.0,0.0,0.0,0.0,11855.812003674566,6539.607270958721
2022-08-28,19557.0,0.0,1.0,0.5,11855.812003674566,5944.738281962429
2022-09-04,20007.0,0.0,1.0,0.5,11962.571599340421,6081.524712748495
2022-09-11,21835.0,0.0,1.0,0.5,12509.069847043584,6637.181591586115
2022-09-18,19419.0,0.0,1.0,0.5,11817.017803295992,5902.790443188035
2022-09-25,18810.0,0.0,1.0,0.5,11631.720830171545,5717.672806857559
2022-10-02,19051.0,0.0,1.0,0.5,11706.23557552166,5790.929539789653
2022-10-09,19445.0,0.0,1.0,0.5,11827.285830541226,5910.693659189008
2022-10-16,19264.0,0.0,1.0,0.5,11772.239835804072,5855.675117028391
2022-10-23,19574.0,0.0,1.0,0.5,11866.96041172546,5949.905769347681
2022-10-30,20628.0,0.0,1.0,0.5,12186.460163282594,6270.2899872332655
2022-11-06,20907.0,0.0,1.0,0.5,12268.872961070936,6355.097574320627
2022-11-13,16310.0,0.0,1.0,0.5,10920.042210555725,4957.748191379415
2022-11-20,16256.0,0.0,1.0,0.5,10901.964887460383,4941.333819685087
2022-11-27,16424.0,0.0,1.0,0.5,10958.298859565864,4992.400753845218
2022-12-04,17114.0,0.0,1.0,0.5,11188.487188021187,5202.139947717186
2022-12-11,17091.0,0.0,1.0,0.5,11180.968922118287,5195.148641254787
2022-12-18,16749.0,0.0,1.0,0.5,11069.100354703729,5091.190953857377
2022-12-25,16828.0,0.0,1.0,0.5,11095.205164782588,5115.204571706487
2023-01-01,16615.0,0.0,1.0,0.5,11024.986520258619,5050.458994467748
2023-01-08,17119.0,0.0,1.0,0.5,11192.202686560464,5203.659796948143
2023-01-15,20885.0,0.0,1.0,0.5,12423.28614113102,6348.410237704419
2023-01-22,22717.0,0.0,1.0,0.5,12968.16189431637,6905.282995926804
2023-01-29,23746.0,0.0,1.0,0.5,13261.867898393746,7218.067967657607
2023-02-05,22937.0,0.0,1.0,0.5,13035.95930052883,6972.15636208888
2023-02-12,21789.0,0.0,1.0,0.5,12709.733523901394,6623.198978661317
2023-02-19,24296.0,0.0,1.0,0.5,13440.912144866576,7385.2513830627995
2023-02-26,23562.0,0.0,1.0,0.5,13237.882232240381,7162.137515958416
2023-03-05,22428.0,0.0,1.0,0.5,12919.323568897698,6817.435710377531
2023-03-12,22183.0,0.0,1.0,0.5,12848.75922356196,6742.963098060672
2023-03-19,28054.0,0.0,1.0,0.5,14549.049206917058,8527.570065049547
2023-03-26,28004.0,0.0,1.0,0.5,14536.083988760185,8512.371572739985
2023-04-02,28186.0,0.0,1.0,0.5,14583.319513791508,8567.694084746794
2023-04-09,28340.0,0.0,1.0,0.5,14623.158994475609,8614.505441060246
2023-04-16,30330.0,0.0,1.0,0.5,15136.569128544175,9219.40543498085
2023-04-23,27596.0,0.0,1.0,0.5,14454.350533136332,8388.35187549395
2023-04-30,29235.0,0.0,1.0,0.5,14883.591737003024,8886.558453401422
2023-05-07,28472.0,0.0,1.0,0.5,14689.369392290639,8654.629460757493
2023-05-14,26933.0,1.0,1.0,1.0,14292.366380652269,8186.819867469147
2023-05-21,26750.0,1.0,1.0,1.0,14159.524001155569,8131.193385616146
2023-05-28,28072.0,1.0,1.0,1.0,14859.29561721268,8533.04152228099
2023-06-04,27125.0,1.0,1.0,1.0,14358.02200117177,8245.182077937869
2023-06-11,25941.0,1.0,1.0,1.0,13731.297649120623,7885.281780047419
2023-06-18,26340.0,1.0,1.0,1.0,13942.499521137861,8006.565748677731
2023-06-25,30477.0,1.0,1.0,1.0,16132.329457316575,9264.089002370965
2023-07-02,30616.0,1.0,1.0,1.0,16205.906049322579,9306.340810991549
2023-07-09,30167.0,1.0,1.0,1.0,15968.237777303182,9169.858350051674
2023-07-16,30253.0,1.0,1.0,1.0,16013.759985306897,9195.999756824122
2023-07-23,30085.0,1.0,1.0,1.0,15924.832881299639,9144.93282266399
2023-07-30,29279.0,1.0,1.0,1.0,15498.194513264822,8899.933126633838
2023-08-06,29042.0,1.0,1.0,1.0,15372.743777254582,8827.892273086509
2023-08-13,29284.0,1.0,1.0,1.0,15500.841153265033,8901.452975864793
2023-08-20,26192.0,1.0,1.0,1.0,13864.158977131461,7961.578211441424
2023-08-27,26090.0,1.0,1.0,1.0,13810.167521127056,7930.573287129916
2023-09-03,25970.0,1.0,1.0,1.0,13746.648161121873,7894.0969055869655
2023-09-10,25836.0,1.0,1.0,1.0,13675.718209116085,7853.364946197336
2023-09-17,26535.0,1.0,1.0,1.0,14045.718481146281,8065.839868685026
2023-09-24,26248.0,1.0,1.0,1.0,13893.801345133883,7978.600522828136
2023-10-01,27995.0,1.0,1.0,1.0,14818.537361209352,8509.635844124263
2023-10-08,27933.0,1.0,1.0,1.0,14785.719025206672,8490.789713660404
2023-10-15,27174.0,1.0,1.0,1.0,14383.959073173884,8260.07660040124
2023-10-22,30002.0,1.0,1.0,1.0,15880.89865729605,9119.703325430117
2023-10-29,34538.0,1.0,1.0,1.0,18281.930465491998,10498.510547753662
2023-11-05,35045.0,1.0,1.0,1.0,18550.2997615139,10652.62325977263
2023-11-12,37086.0,1.0,1.0,1.0,19630.65820960207,11273.025715848988
2023-11-19,37426.0,1.0,1.0,1.0,19810.629729616754,11376.375463554015
2023-11-26,37460.0,1.0,1.0,1.0,19828.626881618227,11386.710438324517
2023-12-03,39989.0,1.0,1.0,1.0,21167.297393727476,12155.45017934221
2023-12-10,43786.0,1.0,1.0,1.0,23177.1558098915,13309.623685330413
2023-12-17,41345.0,1.0,1.0,1.0,21885.06616178605,12567.633290777554
2023-12-24,43033.0,1.0,1.0,1.0,22778.571825858973,13080.734391148397
2023-12-31,42258.0,1.0,1.0,1.0,22368.342625825495,12845.157760350174
2024-01-07,43944.0,1.0,1.0,1.0,23260.789633898326,13357.650921028633
2024-01-14,41715.0,1.0,1.0,1.0,22080.917521802035,12680.10213386832
2024-01-21,41560.0,1.0,1.0,1.0,21998.871681795343,12632.986807708674
2024-01-28,42026.0,1.0,1.0,1.0,22245.538529815472,12774.6367560338
2024-02-04,42570.0,1.0,1.0,1.0,22533.49296183897,12939.996352361846
2024-02-11,48313.0,1.0,1.0,1.0,25573.42366608706,14685.695179038239
2024-02-18,52130.0,1.0,1.0,1.0,27593.86864225195,15845.948081950268
2024-02-25,51722.0,1.0,1.0,1.0,27377.90281823432,15721.928384704237
2024-03-03,63142.0,1.0,1.0,1.0,33422.82857872765,19193.2640282084
2024-03-10,69026.0,1.0,1.0,1.0,36537.39453098184,20981.82260319776
2024-03-17,68352.0,1.0,1.0,1.0,36180.627458952724,20776.946926864854
2024-03-24,67188.0,1.0,1.0,1.0,35564.48966690244,20423.12602589823
2024-03-31,71285.0,1.0,1.0,1.0,37733.14648307942,21668.490485743816
2024-04-07,69358.0,1.0,1.0,1.0,36713.13142699618,21082.74059213326
2024-04-14,65749.0,1.0,1.0,1.0,34802.78667484028,19985.71341722901
2024-04-21,64950.0,1.0,1.0,1.0,34379.853602805764,19742.841510122194
2024-04-28,63098.0,1.0,1.0,1.0,33399.538146725754,19179.889354975985
2024-05-05,64021.0,1.0,1.0,1.0,33888.10789076563,19460.453523010518
2024-05-12,61462.0,1.0,1.0,1.0,32533.557538655084,18682.594686607088
2024-05-19,66275.0,1.0,1.0,1.0,35081.213202863,20145.60155632561
2024-05-26,68489.0,1.0,1.0,1.0,36253.145394958636,20818.590795793058
2024-06-02,67752.0,1.0,1.0,1.0,35863.03065892679,20594.565019150097
2024-06-09,69640.0,1.0,1.0,1.0,36862.40192300835,21168.46008875919
2024-06-16,66622.0,1.0,1.0,1.0,35264.89001887797,20251.07909295398
2024-06-23,63154.0,1.0,1.0,1.0,33429.18051472816,19196.911666362696
2024-06-30,62676.0,1.0,1.0,1.0,33176.161730707514,19051.614079883275
2024-07-07,55829.0,1.0,1.0,1.0,29551.852914411735,16970.332543011733
2024-07-14,60823.0,1.0,1.0,1.0,32195.316946627463,18488.35795489087
2024-07-21,68158.0,1.0,1.0,1.0,36077.937826944326,20717.976776703752
2024-07-28,68264.0,1.0,1.0,1.0,36134.04659494891,20750.197580400025
2024-08-04,58142.0,1.0,1.0,1.0,30776.188578511654,17673.414797252113
2024-08-11,58725.0,1.0,1.0,1.0,31084.786802536837,17850.629217581616
2024-08-18,58430.0,1.0,1.0,1.0,30928.635042524093,17760.958112955195
2024-08-25,64262.0,1.0,1.0,1.0,34015.675938776025,19533.71025594261
2024-09-01,57310.0,1.0,1.0,1.0,30335.787682475704,17420.511885220985
2024-09-08,54866.0,1.0,1.0,1.0,29042.11005037013,16677.60958112955
2024-09-15,59130.0,1.0,1.0,1.0,31299.16464255433,17973.737005289076
2024-09-22,63563.0,1.0,1.0,1.0,33645.67566674583,19321.23533345492
2024-09-29,65601.0,1.0,1.0,1.0,34724.44613083387,19940.725879992704
2024-10-06,62814.0,1.0,1.0,1.0,33249.208994713474,19093.561918657666
2024-10-13,62849.0,1.0,1.0,1.0,33267.73547471498,19104.200863274364
2024-10-20,69011.0,1.0,1.0,1.0,36529.45461098117,20977.263055504893
2024-10-27,67938.0,1.0,1.0,1.0,35961.48566693482,20651.103410541673
2024-11-03,68738.0,1.0,1.0,1.0,36384.94806696938,20894.27928749468
2024-11-10,80425.0,1.0,1.0,1.0,42571.20440347424,24446.77487993191
2024-11-17,89861.0,1.0,1.0,1.0,47565.94341188187,27315.034348592617
2024-11-24,98007.0,1.0,1.0,1.0,51877.849300233764,29791.172715666602
2024-12-01,97291.0,1.0,1.0,1.0,51498.85045220283,29573.53030579366
2024-12-08,101204.0,1.0,1.0,1.0,53570.11091637186,30762.964313940058
2024-12-15,104427.0,1.0,1.0,1.0,55276.13506051109,31742.65912821448
2024-12-22,95098.0,1.0,1.0,1.0,50338.03414810809,28906.924433096236
2024-12-29,93557.0,1.0,1.0,1.0,49522.33970004152,28438.506900115506
2025-01-05,98327.0,1.0,1.0,1.0,52047.234260247584,29888.44306644781
2025-01-12,94497.0,1.0,1.0,1.0,50019.90802008213,28724.23855553529
2025-01-19,101237.0,1.0,1.0,1.0,53587.5787403733,30772.995318864367
2025-01-26,102573.0,1.0,1.0,1.0,54294.76094843101,31179.09903337589
2025-02-02,97675.0,1.0,1.0,1.0,51702.11240421942,29690.25472673111
2025-02-09,96477.0,1.0,1.0,1.0,51067.97746016767,29326.09885099398
2025-02-16,96132.0,1.0,1.0,1.0,50885.35930015276,29221.229254057995
2025-02-23,96262.0,1.0,1.0,1.0,50954.17194015838,29260.745334062856
2025-03-02,94273.0,1.0,1.0,1.0,49901.338548072454,28656.14930998845
2025-03-09,80708.0,1.0,1.0,1.0,42721.00422748646,24532.798346404037
2025-03-16,82555.0,1.0,1.0,1.0,43698.673043566254,25094.23065231929
2025-03-23,86084.0,1.0,1.0,1.0,45566.671555718705,26166.940239528238
2025-03-30,82359.0,1.0,1.0,1.0,43594.92475555779,25034.652562465802
2025-04-06,78342.0,1.0,1.0,1.0,41468.61417938426,23813.605690315522
2025-04-13,83712.0,1.0,1.0,1.0,44311.10553961624,25445.92376436257
2025-04-20,85198.0,1.0,1.0,1.0,45097.68694768043,25897.622955802784
2025-04-27,93769.0,1.0,1.0,1.0,49634.55723605068,28502.948507508052
2025-05-04,94316.0,1.0,1.0,1.0,49924.09965207431,28669.220013374674
2025-05-11,104129.0,1.0,1.0,1.0,55118.39531649821,31652.076114049487
2025-05-18,106520.0,1.0,1.0,1.0,56384.01856460149,32378.868016292785
2025-05-25,109068.0,1.0,1.0,1.0,57732.74630871157,33153.383184388105
2025-06-01,105705.0,1.0,1.0,1.0,55952.6162445663,32131.132591646907
2025-06-08,105792.0,1.0,1.0,1.0,55998.66778057005,32157.57796826555
2025-06-15,105617.0,1.0,1.0,1.0,55906.03538056249,32104.383245182078
2025-06-22,101015.0,1.0,1.0,1.0,53470.0679243637,30705.514013009906
2025-06-29,108384.0,1.0,1.0,1.0,57370.68595668203,32945.46780959329
2025-07-06,109233.0,1.0,1.0,1.0,57820.085428718696,33203.53820900966
2025-07-13,119135.0,1.0,1.0,1.0,63061.491285146454,36213.4476259955
2025-07-20,117339.0,1.0,1.0,1.0,62110.818197068875,35667.517782236
2025-07-27,119469.0,1.0,1.0,1.0,63238.286837160886,36314.97355462338
2025-08-03,114226.0,1.0,1.0,1.0,60463.0201329344,34721.259651042616
2025-08-10,119310.0,1.0,1.0,1.0,63154.123685154016,36266.64234907897
2025-08-17,117490.0,1.0,1.0,1.0,62190.74672507539,35713.417229010876
2025-08-24,113478.0,1.0,1.0,1.0,60067.08278890209,34493.89020609156
2025-08-31,108269.0,1.0,1.0,1.0,57309.813236677066,32910.51127728129
2025-09-07,111144.0,1.0,1.0,1.0,58831.631236801266,33784.42458508116
2025-09-14,115342.0,1.0,1.0,1.0,61053.750180982606,35060.489999392055
2025-09-21,115292.0,1.0,1.0,1.0,61027.28378098044,35045.2915070825
2025-09-28,112203.0,1.0,1.0,1.0,59392.18958884701,34106.3286521977
2025-10-05,123519.0,1.0,1.0,1.0,65382.065237335846,37546.051431697975
2025-10-12,115090.0,1.0,1.0,1.0,60920.35952497173,34983.88959815186
2025-10-19,108684.0,1.0,1.0,1.0,57529.484356695,33036.658763450665
2025-10-26,114551.0,1.0,1.0,1.0,60635.05173294844,34820.04985105478
2025-11-02,110530.0,1.0,1.0,1.0,58506.623844774746,33597.78709951972
2025-11-09,104705.0,1.0,1.0,1.0,55423.28824452311,31827.16274545565
2025-11-16,94187.0,0.0,1.0,0.5,49855.81634006875,28630.007903216
2025-11-23,86803.0,0.0,1.0,0.5,47776.89782305909,26385.49455893975
2025-11-30,90382.0,0.0,1.0,0.5,48761.84947973413,27473.402638458265
2025-12-07,90405.0,0.0,1.0,0.5,48768.05382649584,27480.39394492066
2025-12-14,88164.0,0.0,1.0,0.5,48163.61154661542,26799.197519606052
2025-12-21,88636.0,0.0,1.0,0.5,48292.53732499437,26942.67128700833
2025-12-28,87870.0,0.0,1.0,0.5,48083.86317684381,26709.830384825826
2026-01-04,91501.0,0.0,1.0,0.5,49077.33368552209,27813.54489634628
2026-01-11,90872.0,0.0,1.0,0.5,48908.64895591152,27622.347863091978
2026-01-18,93636.0,0.0,1.0,0.5,49652.46171294417,28462.52051796462
2026-01-25,86567.0,0.0,1.0,0.5,47778.21862348712,26313.757675238616
2026-02-01,76888.0,0.0,1.0,0.5,45107.19283966226,23371.63353395343
2026-02-08,70283.0,0.0,1.0,0.5,43169.74480677047,21363.912699860175
2026-02-15,68792.0,0.0,1.0,0.5,42711.838275270005,20910.693659189008
2026-02-22,67612.0,0.0,1.0,0.5,42345.516834079026,20552.009240683325
2026-03-01,65771.0,0.0,1.0,0.5,41769.00603354407,19992.400753845217
2026-03-08,65975.0,0.0,1.0,0.5,41833.78288983972,20054.410602468233
2026-03-15,72831.0,0.0,1.0,0.5,44007.42756958766,22138.427867955495
2026-03-22,67860.0,0.0,1.0,0.5,42505.588226118394,20627.393762538755
2026-03-29,65954.0,0.0,1.0,0.5,41908.65593051729,20048.027235698217
2026-04-05,68999.0,0.0,1.0,0.5,42876.086695204984,20973.615417350597
2026-04-12,70746.0,0.0,1.0,0.5,43418.88096364745,21504.650738646724
