date,close_usd,sma_200d,days_since_genesis,return_1w,return_48w,return_52w
2014-11-30,373.34,,2157,,,
2014-12-07,376.87,,2164,0.009455188300208972,,
2014-12-14,350.17,,2171,-0.07084671106747686,,
2014-12-21,323.15,,2178,-0.07716252106119892,,
2014-12-28,316.63,,2185,-0.020176388673990298,,
2015-01-04,264.62,,2192,-0.16426112497236522,,
2015-01-11,276.8,,2199,0.04602826694883233,,
2015-01-18,211.42,,2206,-0.23619942196531796,,
2015-01-25,253.09,,2213,0.19709582820925187,,
2015-02-01,214.8,,2220,-0.1512900549211742,,
2015-02-08,224.19,,2227,0.04371508379888267,,
2015-02-15,234.01,,2234,0.043802132120076775,,
2015-02-22,236.68,,2241,0.011409768813298582,,
2015-03-01,255.81,,2248,0.08082643231367248,,
2015-03-08,274.89,,2255,0.0745866072475665,,
2015-03-15,286.4,,2262,0.04187129397213418,,
2015-03-22,269.39,,2269,-0.0593924581005586,,
2015-03-29,242.19,,2276,-0.1009688555625673,,
2015-04-05,260.5,,2283,0.07560180023948138,,
2015-04-12,236.3,,2290,-0.09289827255278305,,
2015-04-19,222.89,,2297,-0.05674989420228538,,
2015-04-26,219.49,,2304,-0.01525416124545731,,
2015-05-03,239.18,,2311,0.08970795936033538,,
2015-05-10,239.08,,2318,-0.0004180951584580317,,
2015-05-17,236.05,,2325,-0.012673582064580913,,
2015-05-24,239.68,,2332,0.01537809786062283,,
2015-05-31,229.08,,2339,-0.04422563417890513,,
2015-06-07,222.86,,2346,-0.02715208660729873,,
2015-06-14,231.77,,2353,0.03998025666337601,,
2015-06-21,243.37,256.38725,2360,0.05004961815593045,,
2015-06-28,248.9,252.19305,2367,0.02272260344331678,,
2015-07-05,270.33,249.2572,2374,0.08609883487344305,,
2015-07-12,310.24,247.71769999999998,2381,0.14763437280361047,,
2015-07-19,275.5,246.4459,2388,-0.11197782362042297,,
2015-07-26,292.84,246.2814,2395,0.06294010889292179,,
2015-08-02,281.5,247.55025,2402,-0.03872421800300496,,
2015-08-09,265.36,249.82,2409,-0.057335701598579036,,
2015-08-16,256.09,250.3826,2416,-0.03493367500753708,,
2015-08-23,228.47,250.70995,2423,-0.10785270803233227,,
2015-08-30,228.43,250.80335,2430,-0.00017507769072522272,,
2015-09-06,240.45,250.5609,2437,0.0526200586612966,,
2015-09-13,230.17,250.45295,2444,-0.042753171137450585,,
2015-09-20,230.29,249.40825,2451,0.0005213537819872549,,
2015-09-27,231.91,247.65405,2458,0.007034608537062059,,
2015-10-04,238.4,246.0752,2465,0.0279849941787762,,
2015-10-11,247.83,245.5684,2472,0.03955536912751678,,
2015-10-18,261.0,245.8877,2479,0.05314126619053372,,
2015-10-25,288.27,246.643,2486,0.10448275862068956,,
2015-11-01,328.98,249.41225000000003,2493,0.14122177125611413,-0.11881930679809283,
2015-11-08,371.87,254.86450000000002,2500,0.13037266703143047,-0.013267174357205369,
2015-11-15,317.0,258.60975,2507,-0.14755156371850375,-0.09472541908216014,
2015-11-22,323.11,261.88515,2514,0.01927444794952682,-0.0001237815256072139,
2015-11-29,371.04,265.56395,2521,0.14833957475782245,0.17184095000473754,-0.006160604274923487
2015-12-06,394.6,270.36564999999996,2528,0.06349719706770163,0.49119492101881956,0.047045400270650406
2015-12-13,435.8,276.87019999999995,2535,0.10440952863659403,0.574421965317919,0.24453836707884746
2015-12-20,441.48,284.74690000000004,2542,0.013033501606241504,1.0881657364487753,0.3661766981278045
2015-12-27,423.29,292.19579999999996,2549,-0.04120231947087072,0.6724880477300565,0.33686005748034
2016-01-03,430.85,298.9737,2556,0.017860095915329888,1.0058193668528865,0.6281838107474871
2016-01-10,447.21,305.93789999999996,2563,0.0379714517813623,0.9947812123645121,0.6156430635838148
2016-01-17,382.85,311.62109999999996,2570,-0.14391449207307516,0.6360411948207343,0.8108504398826981
2016-01-24,402.5,316.173,2577,0.05132558443254531,0.7006084164272435,0.5903433561183768
2016-01-31,370.0,319.47005,2584,-0.08074534161490687,0.44638598960165754,0.7225325884543761
2016-02-07,375.4,322.95425,2591,0.014594594594594446,0.3656371639564917,0.6744725456086353
2016-02-14,403.95,326.21405,2598,0.07605221097496018,0.41043994413407825,0.7262082816973634
2016-02-21,437.7,330.98785000000004,2605,0.08354994430003715,0.6247819146961655,0.8493324319756632
2016-02-28,432.16,336.5091,2612,-0.012657071053232771,0.7843841611957556,0.6893788358547359
2016-03-06,404.78,342.26605,2619,-0.06335616438356173,0.5538579654510556,0.47251627923896833
2016-03-13,412.64,348.81854999999996,2626,0.019417955432580625,0.7462547608971646,0.44078212290502794
2016-03-20,411.34,355.28555,2633,-0.0031504459092671633,0.8454843196195432,0.5269312149671479
2016-03-27,424.3,361.59295000000003,2640,0.031506782710166936,0.9331176818989475,0.7519303026549404
2016-04-03,419.0,368.03665,2647,-0.012491161913740334,0.7518187139392924,0.6084452975047985
2016-04-10,420.77,374.6830499999999,2654,0.0042243436754176855,0.7599548268362053,0.7806601777401607
2016-04-17,426.75,381.36285,2661,0.014212039831737133,0.8078796865070959,0.9146215622055724
2016-04-24,459.4,388.51669999999996,2668,0.07650849443468077,0.9167222963951935,1.0930338512005102
2016-05-01,451.4,395.7979,2675,-0.017414018284719224,0.970490658285315,0.8872815452797056
2016-05-08,457.81,402.38120000000004,2682,0.014200265839610093,1.0542493044960959,0.9148820478500919
2016-05-15,457.48,408.2735,2689,-0.0007208230488630063,0.9738533891357812,0.9380639694979878
2016-05-22,437.85,411.6723,2696,-0.04290897962752471,0.7991124625056498,0.8268107476635513
2016-05-29,513.85,415.4864,2703,0.1735754253739865,1.0644837284049822,1.243102846167278
2016-06-05,573.76,423.1454,2710,0.11659044468230029,1.1224429401102358,1.5745310957551824
2016-06-12,667.94,432.61330000000004,2717,0.1641452872281095,1.1529783393501805,1.881908788885533
2016-06-19,760.55,445.43489999999997,2724,0.1386501781597147,1.760617059891107,2.1250770431852732
2016-06-26,628.61,454.67334999999997,2731,-0.17347971862467948,1.1465988252970907,1.525552430695058
2016-07-03,664.14,462.3621999999999,2738,0.056521531633286104,1.3592895204262878,1.4567750527133505
2016-07-10,646.55,469.7659,2745,-0.026485379588640945,1.4365013566475726,1.0840317173800926
2016-07-17,678.23,477.8492,2752,0.04899853066274851,1.6484048576672268,1.4618148820326677
2016-07-24,659.51,485.93425,2759,-0.027601256211019942,1.8866371952553944,1.252117197104221
2016-07-31,620.01,492.9993,2766,-0.0598929508271292,1.714223175589896,1.2025222024866786
2016-08-07,592.6,499.37230000000005,2773,-0.044208964371542314,1.464545643584945,1.2331926439553813
2016-08-14,567.45,506.01405,2780,-0.04244009449881869,1.4653516965720992,1.2158225623804135
2016-08-21,578.47,512.99685,2787,0.019420213234646155,1.5119197533544662,1.5319297938460195
2016-08-28,573.0,519.93275,2794,-0.009455978702439194,1.4707860808072097,1.5084270892614806
2016-09-04,604.25,526.3453499999999,2801,0.054537521815008816,1.5346057046979866,1.5129964649615304
2016-09-11,603.8,532.8574,2808,-0.0007447248655358951,1.4363474962676026,1.6232784463657297
2016-09-18,608.0,539.03805,2815,0.006955945677376674,1.3295019157088124,1.640149376872639
2016-09-25,597.41,545.6903,2822,-0.017417763157894783,1.0723974052103928,1.5760424302531155
2016-10-02,608.59,552.4024499999999,2829,0.018714115933780917,0.8499300869353761,1.552810402684564
2016-10-09,613.61,559.35645,2836,0.008248574574015288,0.6500658832387662,1.4759310817899367
2016-10-16,638.09,566.9245,2843,0.039895047342774825,1.012902208201893,1.4447892720306514
2016-10-23,649.69,574.56795,2850,0.01817925371029161,1.0107393766828636,1.2537551600929686
2016-10-30,696.36,583.5560999999999,2857,0.07183425941602906,0.8767787839586028,1.1167244209374427
2016-11-06,710.22,593.2529,2864,0.019903498190591007,0.7998479472883933,0.9098609729206444
2016-11-13,701.51,602.1579,2871,-0.012263805581369192,0.6097062872877466,1.2129652996845426
2016-11-20,727.09,612.00165,2878,0.03646419865718231,0.6469375736160188,1.2502862802141688
2016-11-27,726.12,621.8237,2885,-0.0013340851889037664,0.7154196886295447,0.956985769728331
2016-12-04,761.99,632.14905,2892,0.04939954828403015,0.7685737495648137,0.9310440952863659
2016-12-11,768.19,643.41825,2899,0.008136589719025311,0.7177388698821585,0.7627122533272144
2016-12-18,788.68,652.9534,2906,0.026673088688996094,1.0600235079012665,0.7864455920993021
2016-12-25,891.67,662.8583,2913,0.13058528173657247,1.2153291925465837,1.1065227149235746
2017-01-01,998.8,673.8633,2920,0.1201453452510457,1.6994594594594594,1.3182081931066496
2017-01-08,906.17,683.04765,2927,-0.09274128954745697,1.4138785295684602,1.0262740099729433
2017-01-15,822.47,689.95025,2934,-0.09236677444629593,1.0360688203985644,1.1482826172130078
2017-01-22,919.39,697.5441999999999,2941,0.11784016438289546,1.100502627370345,1.284198757763975
2017-01-29,913.1,706.50555,2948,-0.006841492728874576,1.1128748611625325,1.467837837837838
2017-02-05,1014.57,717.8014999999999,2955,0.11112693023765208,1.5064726518108604,1.702637187000533
2017-02-12,1001.63,730.4776,2962,-0.012754171718067808,1.4273701046917409,1.4795890580517392
2017-02-19,1051.8,745.2105,2969,0.05008835597975292,1.5570088005056646,1.40301576422207
2017-02-26,1179.05,764.91,2976,0.1209830766305382,1.7788121612066932,1.728271936319881
2017-03-05,1273.0,788.16625,2983,0.07968279547093005,2.0381861575178997,2.144918227185138
2017-03-12,1226.62,809.81955,2990,-0.03643362136685002,1.9151793141145994,1.9726153547886778
2017-03-19,1017.97,829.6391500000001,2997,-0.17010157995141106,1.3854012888107792,1.474765400884913
2017-03-26,960.0,844.11515,3004,-0.056946668369401876,1.0896821941663042,1.2625500824888052
2017-04-02,1078.01,859.5638500000001,3011,0.12292708333333335,1.3881479840496236,1.572816229116945
2017-04-09,1206.2,879.3711,3018,0.1189135536776098,1.6347174592079683,1.86664923830121
2017-04-16,1162.31,899.93525,3025,-0.036387000497430044,1.5406793739617028,1.7236321031048623
2017-04-23,1241.99,921.30055,3032,0.06855313986802147,1.8365650336873358,1.7035045711798
2017-04-30,1350.21,945.3706,3039,0.08713435695939586,1.6276345236936849,1.9911608329641117
2017-05-07,1554.01,975.6638500000001,3046,0.15093948348775377,1.708466954824317,2.3944431095869465
2017-05-14,1784.0,1014.1250500000001,3053,0.14799776063217096,1.6708985837051231,2.899624027279881
2017-05-21,2017.55,1054.7419,3060,0.13091367713004476,1.652751298402472,3.607856571885349
2017-05-28,2178.81,1107.9551999999999,3067,0.07992862630418074,2.4660759453397176,3.2401673640167363
2017-06-04,2530.27,1166.8505,3074,0.16130823706518704,2.809844309934652,3.4099797824874516
2017-06-11,2954.22,1239.655,3081,0.1675512889928743,3.5692057845487586,3.4228822948168993
2017-06-18,2516.98,1303.3745,3088,-0.1480052264218642,2.7111009539536735,2.309420813884689
2017-06-25,2502.03,1369.03015,3095,-0.005939657843924029,2.793771133113979,2.98025802962091
2017-07-02,2504.37,1429.3254499999998,3102,0.000935240584645225,3.0392413025596356,2.770846508266329
2017-07-09,2502.28,1491.08395,3109,-0.0008345412219439297,3.222544718191023,2.8702033872090333
2017-07-16,1917.63,1536.55745,3116,-0.23364691401441884,2.379381443298969,1.827403683116347
2017-07-23,2749.02,1590.8418999999997,3123,0.43355078925548707,3.752225698826214,3.168276447665691
2017-07-30,2742.37,1652.9939500000003,3130,-0.0024190438774545076,3.785986038394415,3.423106078934211
2017-08-06,3222.75,1725.6319,3137,0.17516965252682892,4.33347124534547,4.438322645966926
2017-08-13,4053.87,1819.4624,3144,0.2578915522457528,5.713928453130176,6.144012688342585
2017-08-20,4058.68,1933.6673500000002,3151,0.0011865205346990315,5.675460526315789,6.016232475322834
2017-08-27,4337.68,2045.1842500000002,3158,0.0687415612957909,6.260809159538677,6.5701221640488665
2017-09-03,4606.26,2172.07275,3165,0.0619178915918186,6.568740860020704,6.623103020273066
2017-09-10,4226.22,2288.1041,3172,-0.08250511260762527,5.887469239419175,5.999370652533953
2017-09-17,3662.99,2379.1200499999995,3179,-0.1332703929279594,4.740553840367346,5.024654605263158
2017-09-24,3664.22,2468.11985,3186,0.00033579125250127184,4.639951361418522,5.1335096499891195
2017-10-01,4377.22,2571.12795,3193,0.19458438630868247,5.285857889597335,6.19239553722539
2017-10-08,4597.98,2687.09415,3200,0.05043383700156712,5.474022133986651,6.493326379948175
2017-10-15,5679.7,2836.6991000000003,3207,0.2352598314912202,7.0963920685378685,7.901095456753749
2017-10-22,5969.0,3001.1751499999996,3214,0.05093578886208783,7.209437621202326,8.187458634117808
2017-10-29,6137.37,3162.4164,3221,0.028207404925448154,7.452280614774418,7.813501637084267
2017-11-05,7372.72,3362.27665,3228,0.20128328583741895,8.675612540846993,9.380896060375658
2017-11-12,5870.37,3556.0086499999998,3235,-0.2037714710446077,6.641820382978168,7.36819147268036
2017-11-19,8016.58,3766.26095,3242,0.36560046470665397,9.164553431049349,10.025567673878061
2017-11-26,9271.06,4003.2948000000006,3249,0.1564856834211097,9.397411598461314,11.767944692337354
2017-12-03,11250.0,4303.5066,3256,0.21345347781159885,10.263516219463357,13.763973280489244
2017-12-10,14691.0,4723.30175,3263,0.30586666666666673,15.212189765717252,18.12417500878689
2017-12-17,18953.0,5252.30425,3270,0.290109590905997,22.04400160492176,23.03129279302125
2017-12-24,14157.87,5718.597599999999,3277,-0.2530011080040099,14.399199469213285,14.877925689997422
2017-12-31,13880.0,6123.938150000001,3284,-0.01962653986793217,14.200963749863103,12.896676011213456
2018-01-07,16124.02,6576.7967499999995,3291,0.1616729106628243,14.892466759316754,16.793592813710454
2018-01-14,13647.99,6982.5977,3298,-0.15356158079684845,12.625779978634824,15.593906160711029
2018-01-21,11558.87,7310.826749999999,3305,-0.15307162446631328,9.989608290549535,11.572325128617889
2018-01-28,11685.58,7617.1805,3312,0.01096214422344044,8.911013103769985,11.797700142372138
2018-02-04,8191.0,7873.6849,3319,-0.29905062478713085,5.434406912804399,7.073370984752161
2018-02-11,8067.0,8057.7041,3326,-0.015138566719570257,5.576608892729615,7.053872188333017
2018-02-18,10421.06,8305.1663,3333,0.2918135614230817,9.237099325127458,8.907834189009318
2018-02-25,9590.04,8554.50425,3340,-0.07974428704949388,8.989625,7.133700860862559
2018-03-04,11463.27,8795.7017,3347,0.19533078068496068,9.633732525672304,8.004925373134329
2018-03-11,9535.04,8996.61415,3354,-0.16820942017417362,6.905024042447356,6.773426162951853
2018-03-18,8188.24,9137.4793,3361,-0.14124744101755216,6.044798719790761,7.0436948043655505
2018-03-25,8453.9,9281.8776,3368,0.03244409054937325,5.806737574376605,7.806145833333334
2018-04-01,6813.52,9391.113299999999,3375,-0.1940382545334105,4.046266877004318,5.320460849157244
2018-04-08,7027.26,9503.396200000001,3382,0.03136998203571717,3.5220172328363395,4.825949262145581
2018-04-15,8354.22,9633.6667,3389,0.18883035493207867,3.6828587443946184,6.187600554069052
2018-04-22,8789.96,9778.541850000001,3396,0.052158071010818485,3.3567495229362345,6.07731946311967
2018-04-29,9393.99,9940.41,3403,0.06871817391660495,3.3115232626984454,5.957428844401981
2018-05-06,9623.54,10074.921100000001,3410,0.024435836103721797,2.8033648582957555,5.192714332597603
2018-05-13,8696.58,10183.2081,3417,-0.09632214341084477,1.9437821150760608,3.8747645739910315
2018-05-20,8518.48,10261.886999999999,3424,-0.020479314857104747,2.384405120422093,3.2221902802904507
2018-05-27,7347.39,10277.554600000001,3431,-0.13747640424113217,1.9365715039388016,2.3722031751277077
2018-06-03,7703.67,10307.1415,3438,0.04849068853021277,2.0760909929443336,2.04460393554838
2018-06-10,6781.17,10289.643600000001,3445,-0.11974812005187141,1.709996483207315,1.295418079899263
2018-06-17,6453.41,10200.3681,3452,-0.048333842095095725,2.3653050901373045,1.563949653950369
2018-06-24,6153.4,10027.75045,3459,-0.0464886006003028,1.2383976835381336,1.4593629972462359
2018-07-01,6349.99,9688.635600000001,3466,0.031948191243865276,1.3155117653708288,1.5355638344174385
2018-07-08,6706.6,9294.52165,3473,0.05615914355770646,1.0810177643317043,1.6801956615566604
2018-07-15,6349.3,8999.37985,3480,-0.05327587749381213,0.5662317735891877,2.3110141163832436
2018-07-22,7396.6,8761.432799999999,3487,0.16494731702707388,0.8224151694639639,1.6906315705233137
2018-07-29,8216.74,8497.543599999999,3494,0.11088067490468578,0.8942706700355949,1.9962185992408026
2018-08-05,7032.61,8304.6829,3501,-0.14411189839279326,0.5267505525089768,1.182176712435032
2018-08-12,6310.82,8129.56155,3508,-0.10263472594100909,0.49325401895783916,0.5567396093115959
2018-08-19,6481.99,7968.7128,3515,0.02712325815028782,0.7695898705702173,0.5970685050311924
2018-08-26,6700.46,7910.17445,3522,0.03370415566824381,0.8286183689843951,0.544710536507995
2018-09-02,7290.31,7855.18135,3529,0.08803126949493034,0.6655114433361815,0.5826961569689943
2018-09-09,6236.04,7715.255649999999,3536,-0.1446125061897231,0.35625644304672943,0.4755597200335051
2018-09-16,6499.98,7587.21265,3543,0.04232493697923667,0.14442312093948617,0.7745011588893227
2018-09-23,6702.22,7430.87515,3550,0.031113941889052033,0.12283799631429049,0.8290986894891683
2018-09-30,6597.81,7344.075150000001,3557,-0.015578420284622085,0.0750223629991349,0.507306007009015
2018-10-07,6577.63,7278.13495,3564,-0.003058590653565396,-0.10784215323516966,0.4305477622782179
2018-10-14,6183.0,7207.7928,3571,-0.05999577355369645,0.05325558695618837,0.08861383523777677
2018-10-21,6413.38,7187.775850000001,3578,0.037260229661976396,-0.19998552998909758,0.07444798123638807
2018-10-28,6405.57,7172.502849999999,3585,-0.0012177666066879311,-0.30907900498972074,0.04369949994867506
2018-11-04,6421.76,7112.5040500000005,3592,0.0025274877957777164,-0.42917688888888883,-0.128983604422791
2018-11-11,6357.54,7024.9347,3599,-0.010000373729320389,-0.5672493363283644,0.08298795476264709
2018-11-18,5559.26,6904.26005,3606,-0.12556429059038554,-0.7066817918007704,-0.3065297171611834
2018-11-25,3938.89,6720.26985,3613,-0.2914722463061631,-0.7217879525663111,-0.5751413538473487
2018-12-02,4102.05,6560.64625,3620,0.041422837398353396,-0.7044632564841499,-0.6353733333333333
2018-12-09,3529.75,6401.829900000001,3627,-0.1395156080496338,-0.7810874707424079,-0.7597338506568647
2018-12-16,3193.78,6258.4513,3634,-0.09518237835540755,-0.7659889844585173,-0.8314894739619058
2018-12-23,3943.83,6126.31935,3641,0.23484710906825135,-0.6588048831762967,-0.721439030023584
2018-12-30,3835.79,6013.0043,3648,-0.02739468993338956,-0.6717501399160333,-0.7236462536023055
2019-01-06,4040.71,5916.314550000001,3655,0.05342315403085163,-0.5066890489561714,-0.7493981029544741
2019-01-13,3515.95,5830.50595,3662,-0.12986826572557797,-0.5641564398165365,-0.7423833106560014
2019-01-20,3536.72,5734.5988,3669,0.005907365008034793,-0.660618017744836,-0.6940254540452484
2019-01-27,3533.23,5629.2845,3676,-0.0009867900201315782,-0.6315729652848163,-0.6976418799922639
2019-02-03,3414.82,5516.88615,3683,-0.03351324425525648,-0.7021076882948758,-0.5831009644732023
2019-02-10,3650.37,5369.665400000001,3690,0.06897874558541872,-0.617162591871665,-0.5474934920044626
2019-02-17,3625.6,5214.8187,3697,-0.006785613513150768,-0.5572186452766407,-0.6520891348864704
2019-02-24,3730.68,5107.04815,3704,0.028982789055604474,-0.5587030837838158,-0.6109838957918841
2019-03-03,3789.52,5020.3458,3711,0.015771923617142303,-0.4438234568915921,-0.6694206801375175
2019-03-10,3897.92,4930.54145,3718,0.028605205936371947,-0.44531438996137895,-0.5912004564217874
2019-03-17,3965.5,4828.5401,3725,0.017337451769148693,-0.5253297136058184,-0.5157078932713257
2019-03-24,3969.99,4719.20075,3732,0.0011322657924599522,-0.5483494805437112,-0.5303954387915637
2019-03-31,4096.08,4638.9005,3739,0.031760785291650606,-0.5639680263657935,-0.3988305604151746
2019-04-07,5190.85,4585.08295,3746,0.26727261186304974,-0.46060908979439996,-0.2613266052487029
2019-04-14,5162.72,4535.1838,3753,-0.005419151006097245,-0.4063505423971262,-0.3820224988089851
2019-04-21,5295.65,4488.44355,3760,0.025748055288684846,-0.37833392811863154,-0.39753423223768936
2019-04-28,5160.98,4443.5145999999995,3767,-0.025430306005872705,-0.2975764182927544,-0.4506083144648866
2019-05-05,5709.32,4414.47905,3774,0.10624726311669486,-0.2588831037674252,-0.4067339045714987
2019-05-12,6974.35,4410.73875,3781,0.22157279676038488,0.028487709348091972,-0.1980353196313953
2019-05-19,8200.0,4461.96105,3788,0.17573680701427374,0.2706460615395583,-0.037386951662737866
2019-05-26,8733.26,4519.2761,3795,0.0650317073170732,0.419257646179348,0.18862072109960137
2019-06-02,8734.49,4602.55435,3802,0.0001408408772898273,0.375512402381736,0.1338089507987752
2019-06-09,7632.99,4698.2839,3809,-0.12610925194258626,0.1381310947424923,0.12561549113206127
2019-06-16,8974.19,4852.66815,3816,0.17571095992527175,0.4134140771423622,0.3906120950009375
2019-06-23,10831.95,5057.88365,3823,0.2070114405868384,0.46444988237839,0.760319498163617
2019-06-30,10760.1,5347.333549999999,3830,-0.006633154695138033,0.3095339514211233,0.6945066055222135
2019-07-07,11469.96,5620.072099999999,3837,0.06597150584102374,0.6309677345964015,0.7102496048668474
2019-07-14,10191.87,5891.14985,3844,-0.1114293336681208,0.6149834728292047,0.6051958483612367
2019-07-21,10600.24,6121.429850000001,3851,0.0400682112311086,0.6353372961081396,0.4331233269339967
2019-07-28,9533.19,6327.652000000001,3858,-0.10066281518154296,0.4227664966285898,0.16021560862337147
2019-08-04,10986.96,6561.0536,3865,0.1524956494101133,0.507063485640528,0.5622876855107848
2019-08-11,11528.73,6844.856949999999,3872,0.04931027326940307,0.8487261146496814,0.8268196525966516
2019-08-18,10318.99,7089.7528,3879,-0.10493263351644111,0.5875418078209471,0.5919478431777896
2019-08-25,10136.75,7333.26215,3886,-0.017660643144338684,0.5124466221639994,0.5128438942997944
2019-09-01,9767.53,7551.5953500000005,3893,-0.03642390312476873,0.4804200181575402,0.339796250090874
2019-09-08,10400.18,7788.2483999999995,3900,0.06477072504512393,0.581143968268206,0.6677538951000956
2019-09-15,10305.74,8012.7951,3907,-0.009080612066329707,0.6667863496684456,0.5855033400102769
2019-09-22,10020.58,8235.1528,3914,-0.027670016903201478,0.5624491297880367,0.4951135593877849
2019-09-29,8047.6,8395.58525,3921,-0.19689279462865417,0.2563440880358814,0.21973806460022338
2019-10-06,7854.12,8543.9421,3928,-0.024041950395148892,0.2230478871835757,0.19406533964361028
2019-10-13,8282.96,8697.1275,3935,0.05460064271999898,0.30285613617845875,0.3396344816432151
2019-10-20,8235.74,8829.28365,3942,-0.005700860561924648,0.48144537222579964,0.2841496995344108
2019-10-27,9557.08,8942.4534,3949,0.16043974190540267,1.426338384671824,0.4919952478858245
2019-11-03,9207.0,9086.99955,3956,-0.03663043523754117,1.24448751234139,0.43371910504285416
2019-11-10,9024.49,9218.6696,3963,-0.01982296079070278,1.5566938168425524,0.4194940181265081
2019-11-17,8499.31,9338.768,3970,-0.058194978331185476,1.66120709629342,0.5288563585800987
2019-11-24,6908.36,9406.82675,3977,-0.18718578331652802,0.7516880798614545,0.753884977747538
2019-12-01,7412.66,9413.160950000001,3984,0.0729985119478429,0.9324989115671087,0.8070623224972879
2019-12-08,7524.26,9400.6079,3991,0.015055324269560577,0.8621133414672175,1.1316693816842553
2019-12-15,7115.08,9358.38175,3998,-0.05438142754237629,1.023657901847296,1.2277927722009654
2019-12-22,7509.7,9318.9385,4005,0.055462482501953625,1.1233515799950236,0.9041642261456502
2019-12-29,7385.54,9295.89105,4012,-0.016533283619851624,1.0903083014691939,0.9254286600674178
2020-01-05,7356.7,9236.39315,4019,-0.0039049277371728808,1.1543448849426907,0.8206453816284762
2020-01-12,8180.76,9132.485200000001,4026,0.11201489798415065,1.2410769319274486,1.3267566376086122
2020-01-19,8696.6,9039.6576,4033,0.06305526625888058,1.3986650485436893,1.4589450111968154
2020-01-26,8590.48,8929.223,4040,-0.01220246993077767,1.302657960479055,1.4313390297263409
2020-02-02,9329.39,8881.3588,4047,0.08601498402883201,1.461892271316684,1.7320297995209115
2020-02-09,10173.97,8857.4888,4054,0.09052896277248568,1.6101023109761101,1.7871065124905146
2020-02-16,9912.89,8872.255500000001,4061,-0.025661565740807135,1.4997831294918673,1.7341377978817296
2020-02-23,9965.21,8824.4205,4068,0.0052779764528809725,1.5101347862337184,1.6711511038202151
2020-03-01,8528.95,8741.41705,4075,-0.14412741929171569,1.0822225151852507,1.250667630728958
2020-03-08,8033.7,8684.188100000001,4082,-0.05806693672726426,0.5476656038991685,1.0610222888104426
2020-03-15,5343.64,8552.6584,4089,-0.3348469571928252,0.03504354293860601,0.3475324675324676
2020-03-22,5813.15,8403.3474,4096,0.08786332911648231,0.09772171499249382,0.4642732097561959
2020-03-29,5870.9,8267.78675,4103,0.009934372930338942,0.13755527051063954,0.4332972012265386
2020-04-05,6775.2,8140.849,4110,0.15403089815871507,0.18669123468293947,0.30521976169606124
2020-04-12,6908.24,8054.785599999999,4117,0.019636320699019993,-0.009479019550209022,0.3381008460656396
2020-04-19,7126.4,8011.726549999999,4124,0.03157967876043677,-0.1309268292682927,0.3457082699951848
2020-04-26,7701.73,7980.28395,4131,0.08073220700493944,-0.118115113943705,0.4922999120322109
2020-05-03,8915.98,7989.0639,4138,0.15765938302173677,0.020778545742224264,0.5616535769583768
2020-05-10,8731.17,8035.1447499999995,4145,-0.02072795138616279,0.1438728466826238,0.251897309426685
2020-05-17,9665.7,8045.9277999999995,4152,0.1070337652342126,0.07705542227209361,0.1787439024390245
2020-05-24,8718.77,8046.801699999999,4159,-0.09796807266933594,-0.1950876804268853,-0.0016591742373408547
2020-05-31,9446.19,8061.8579,4166,0.08343149320374321,-0.12210945994925693,0.08148157476853268
2020-06-07,9750.04,8110.6834499999995,4173,0.03216640783215241,-0.14994995623350027,0.27735526969116964
2020-06-14,9329.99,8190.931599999999,4180,-0.0430818745358994,-0.0845654428480741,0.039647032211263644
2020-06-21,9283.03,8259.8453,4187,-0.0050332315468718525,-0.12426228085401836,-0.1429954901933631
2020-06-28,9118.01,8326.81485,4194,-0.017776523398071564,-0.04355100443817861,-0.15260917649464223
2020-07-05,9076.82,8399.44065,4201,-0.004517433080244548,-0.17385518833235036,-0.20864414522805652
2020-07-12,9306.17,8471.14655,4208,0.025267659819187882,-0.19278446108114244,-0.08690259981730541
2020-07-19,9211.99,8539.4975,4215,-0.010120167587740259,-0.1072779409612763,-0.1309640159090738
2020-07-26,9944.65,8609.28295,4222,0.07953330387896651,-0.01895084716501838,0.043160788781089865
2020-08-02,11071.66,8711.90125,4229,0.11332827198543938,0.13351686659779904,0.00770913883367208
2020-08-09,11683.03,8810.9413,4236,0.055219361866242433,0.12334882665492342,0.013383954694055733
2020-08-16,11914.02,8915.381749999999,4243,0.019771412039513603,0.1560567217880522,0.1545722982578721
2020-08-23,11644.65,9000.96775,4250,-0.02260949704633708,0.1620734528340675,0.14875576491479015
2020-08-30,11708.97,9053.495,4257,0.005523566616429054,0.45496421293304823,0.19876468257584046
2020-09-06,10260.17,9084.183299999999,4264,-0.12373419694473553,0.3063424037320541,-0.013462266999225037
2020-09-13,10334.78,9112.02365,4271,0.0072718093364925185,0.247715792422033,0.0028178471414959105
2020-09-20,10923.5,9188.422700000001,4278,0.05696492813586729,0.326353187448851,0.09010656069808332
2020-09-27,10780.66,9264.511649999999,4285,-0.013076394928365431,0.12802864473249143,0.3396118097320939
2020-10-04,10669.63,9454.4412,4292,-0.01029899839156423,0.1588606495058107,0.35847555168497536
2020-10-11,11372.93,9616.3171,4299,0.06591606269383288,0.2602296639477688,0.3730514212310576
2020-10-18,11519.97,9793.16625,4306,0.012928946190647439,0.35540061487344277,0.3987777661752314
2020-10-25,13039.09,9990.42975,4313,0.13186839896284464,0.8874363814277195,0.3643382706851883
2020-11-01,13762.0,10221.79305,4320,0.05544175245358374,0.8565535179004569,0.49473226892581734
2020-11-08,15489.15,10491.4873,4327,0.12550138061328298,1.0585612405738236,0.7163462976855202
2020-11-15,15975.49,10773.822650000002,4334,0.03139875332087305,1.2453001231187844,0.8796219928441251
2020-11-22,18435.2,11090.9874,4341,0.15396773432301614,1.4548517251022015,1.6685349344851748
2020-11-29,18192.03,11399.651949999998,4348,-0.013190526818260828,1.4631956498780045,1.4541837882757336
2020-12-06,19380.58,11735.564550000001,4355,0.06533355540860497,1.6344121684994635,1.575745654722192
2020-12-13,19162.36,12071.6833,4362,-0.01125972494115246,1.3423691686346988,1.693203730667821
2020-12-20,23470.85,12500.63855,4369,0.22484130347201492,1.6988535749603288,2.125404476876573
2020-12-27,26259.6,13014.0694,4376,0.1188175971470995,2.0568256954209776,2.555542316472458
2021-01-03,33097.83,13719.2768,4383,0.26040876479458963,2.547694972554476,3.4990049886498023
2021-01-10,38173.73,14697.155,4390,0.1533605073202684,2.7520977553501735,3.6662816168668932
2021-01-17,35819.25,15649.724950000002,4397,-0.06167801784106508,2.613401339064592,3.118764804636294
2021-01-24,32288.83,16508.89575,4404,-0.09856208602916028,2.2401555009879375,2.758675883070562
2021-01-31,33141.38,17337.15375,4411,0.026403867839125628,2.885751469993375,2.5523630162315007
2021-02-07,38858.39,18314.310550000002,4418,0.17250367968986202,3.836923210973773,2.819393019637369
2021-02-14,48662.5,19599.946600000003,4425,0.25230355658070236,8.106620206451034,3.909012407078057
2021-02-21,57492.91,21053.63855,4432,0.18146231697919357,8.890147338362162,4.769362612528989
2021-02-28,45240.96,22333.06835,4439,-0.21310366791313928,6.705966717198385,4.30439972095041
2021-03-07,50967.3,23643.786949999998,4446,0.12657423715146643,6.5226266383280205,5.344187609694163
2021-03-14,59016.39,25229.63885,4453,0.15792655290745228,7.542898046390977,10.044230150234672
2021-03-21,57381.79,26837.989250000002,4460,-0.027697390504569985,7.052002413560844,8.871032056630227
2021-03-28,55790.92,28372.8905,4467,-0.02772430068842402,6.243946489944467,8.502958660512018
2021-04-04,58212.18,30044.0292,4474,0.04339881830233305,5.528971576876574,7.591950053134964
2021-04-11,59979.26,31713.91455,4481,0.030355846491232574,5.869555855629887,7.682277975287484
2021-04-18,56280.6,33474.5288,4488,-0.06166564909270311,4.822713305813339,6.897479793444095
2021-04-25,49128.43,34942.6135,4495,-0.1270805570658451,4.634789081487411,5.37888240693974
2021-05-02,56622.66,36496.94575,4502,0.15254364936962173,4.994232595363846,5.350693922597404
2021-05-09,58305.24,38081.3537,4509,0.029715665071192277,4.980000082050945,5.677826683021863
2021-05-16,46444.75,39394.7736,4516,-0.20342065310081903,3.978006407295185,3.80510982132696
2021-05-23,34706.79,40280.0757,4523,-0.2527295334779496,2.738735089728246,2.9806979654240218
2021-05-30,35677.72,41045.9159,4530,0.02797521752948051,2.9128845000169994,2.776942873264247
2021-06-06,35808.85,41756.83415,4537,0.003675403024632651,2.9450875967574546,2.67268749666668
2021-06-13,39013.76,42372.0818,4544,0.08950050057457881,3.192246649266025,3.181543602940625
2021-06-20,35589.77,43052.81325,4551,-0.08776365056841495,2.86341821908187,2.833852739892039
2021-06-27,34699.5,43544.49415,4558,-0.025014772503446858,2.4892630710985304,2.8056001254659733
2021-07-04,35289.21,44086.70585,4565,0.016994769377080443,2.1873458903181637,2.8878384720640047
2021-07-11,34258.53,44452.97125,4572,-0.029206661186237937,1.9323326226158795,2.6812705978936555
2021-07-18,31776.65,44656.73715,4579,-0.07244560697729874,1.6671643995897272,2.4494881127747643
2021-07-25,35428.28,44666.06100000001,4586,0.11491551186169713,2.042451254438734,2.5625466959621503
2021-08-01,39839.0,44740.71130000001,4593,0.12449715312174336,2.4024342021544167,2.5982860745362486
2021-08-08,43858.42,44908.534850000004,4600,0.10089158864429315,3.2746289778824327,2.754027850651757
2021-08-15,47028.3,45410.9777,4607,0.07227528944271144,3.550488738028289,2.9473074579361125
2021-08-22,49301.86,45849.51305000001,4614,0.0483445074561486,3.5133757495308284,3.2338636197738877
2021-08-29,48808.72,46093.37415,4621,-0.010002462381743848,3.5274333853400446,3.1684896280373085
2021-09-05,51809.28,46110.9422,4628,0.06147590020799565,3.8557710061173633,4.04955375983049
2021-09-12,46035.0,45882.52300000001,4635,-0.11145262007115331,3.0477695721331264,3.4543763873057767
2021-09-19,47245.25,45870.4558,4642,0.026289779515585865,3.1011608537175013,3.325101844646862
2021-09-26,43204.73,45574.056950000006,4649,-0.08552224826834431,2.313477397579126,3.007614561631663
2021-10-03,48235.93,45104.20949999999,4656,0.11645021274291034,2.5050087196628397,3.5208624853907775
2021-10-10,54714.95,45012.037299999996,4663,0.1343193756189629,2.53246950284554,3.810980987309339
2021-10-17,61538.97,45107.598849999995,4670,0.12471947794889715,2.8520865400685675,4.341938390464559
2021-10-24,60910.16,45264.3626,4677,-0.01021807807312991,2.3040140600590178,3.6713505313637684
2021-10-31,61359.44,45293.0979,4684,0.0073761093387374466,2.3728748248546205,3.4586135736084875
2021-11-07,63300.0,45430.36225,4691,0.03162610349768502,2.2661561212306336,3.086731679917878
2021-11-14,65509.87,45891.154950000004,4698,0.034911058451816857,2.41867442214842,3.1006485560067327
2021-11-21,58678.47,46010.16655,4705,-0.10428046949261238,1.500057305125294,2.1829581452872766
2021-11-28,57338.55,46024.1754,4712,-0.022834951218053234,1.1835271672074215,2.151850013439952
2021-12-05,49463.22,46349.57575,4719,-0.1373479099140108,0.4944550745471832,1.5522053519554109
2021-12-12,50124.38,46745.853500000005,4726,0.01336669953957692,0.31305953072964043,1.6157727962526534
2021-12-19,46704.67,47122.468,4733,-0.06822448477168197,0.30389860200869645,0.9899010900755618
2021-12-26,50791.21,47600.1993,4740,0.08749746010409676,0.5730272667049254,0.9341958750323691
2022-01-02,47350.22,47928.06965,4747,-0.0677477461159125,0.42873410823568614,0.430614031191773
2022-01-09,41875.81,48233.21625,4754,-0.1156153023153853,0.07765169889951684,0.09697978164564991
2022-01-16,43107.7,48541.969750000004,4761,0.02941769962181029,-0.11414949910095051,0.203478576463773
2022-01-23,36293.62,48720.7091,4768,-0.1580710638702597,-0.36872877020836137,0.12403019867861431
2022-01-30,37941.82,48863.02665,4775,0.04541294034598908,-0.16133919350959836,0.14484731776407633
2022-02-06,42420.24,49151.0198,4782,0.11803387396809106,-0.16769693509367778,0.09166231539700953
2022-02-13,42077.74,49401.6148,4789,-0.00807397600767934,-0.2870160306314907,-0.1353148728487028
2022-02-20,38373.9,49448.489850000005,4796,-0.08802373891753679,-0.3312529985558136,-0.3325455260483423
2022-02-27,37712.68,49235.60745,4803,-0.017230982516762694,-0.32403552406018754,-0.1664040727694549
2022-03-06,38438.89,49081.948,4810,0.019256388037127037,-0.3396761639917969,-0.2458127073633487
2022-03-13,37790.54,48746.47795,4817,-0.016867032320652342,-0.36993987588376387,-0.3596602570912928
2022-03-20,41242.14,48494.6396,4824,0.09133502723168285,-0.26720504045799087,-0.2812678029040223
2022-03-27,46864.39,48291.5864,4831,0.13632294541456869,-0.046084110564901026,-0.15999969170610562
2022-04-03,46401.57,48306.766950000005,4838,-0.009875728671599027,-0.18051236024588047,-0.20288898302726333
2022-04-10,42133.85,48247.1621,4845,-0.09197361209976307,-0.27735740389714547,-0.29752634493990093
2022-04-17,39691.27,48161.7675,4852,-0.057971915692489606,-0.14540889982183136,-0.294761072198946
2022-04-24,39467.4,47855.591799999995,4859,-0.0056402831151534105,0.13716653139054347,-0.1966484579295532
2022-05-01,38488.34,47275.68515,4866,-0.024806802576303633,0.07877801608398727,-0.32026612667084176
2022-05-08,34025.5,46397.053,4873,-0.11595303928410516,-0.04980193443799508,-0.4164246644040913
2022-05-15,31295.03,45309.44985,4880,-0.08024775535995066,-0.19784634959562997,-0.3261879975670017
2022-05-22,30264.66,44183.410599999996,4887,-0.03292439726052343,-0.14962473767040352,-0.1279902290012992
2022-05-29,29448.94,42971.90364999999,4894,-0.02695288828620579,-0.15131514863326567,-0.17458458668322985
2022-06-05,29888.98,41822.40995,4901,0.01494247331143339,-0.1530277951815867,-0.16531862933325137
2022-06-12,26585.1,40833.56475,4908,-0.11053839910227792,-0.22398596787427838,-0.3185711912925081
2022-06-19,20552.82,39585.9281,4915,-0.22690454427480056,-0.35320998280183724,-0.4225076475627687
2022-06-26,21028.69,38512.629499999995,4922,0.023153513727069974,-0.40644338364718813,-0.39397714664476435
2022-07-03,19294.46,37515.07465,4929,-0.08246971161779448,-0.5156891488240167,-0.4532476074131442
2022-07-10,20856.08,36588.439699999995,4936,0.08093618582743445,-0.5244680496926245,-0.3912149762409537
2022-07-17,20801.85,35564.6571,4943,-0.002600200996544122,-0.5576737836579252,-0.34537309628296253
2022-07-24,22595.81,34743.5085,4950,0.08624040650230635,-0.541684431378451,-0.36220979398378916
2022-07-31,23322.53,34060.63925,4957,0.032161714937415375,-0.5221646869657717,-0.4145804362559301
2022-08-07,23187.62,33375.6718,4964,-0.005784535382739375,-0.5524427284069573,-0.4713074479199205
2022-08-14,24320.0,32920.4018,4971,0.048835542414443545,-0.4717063104159879,-0.482864573033684
2022-08-21,21514.0,32384.29855,4978,-0.11537828947368423,-0.5446314708886079,-0.5636270112324362
2022-08-28,19557.0,31637.25315,4985,-0.09096402342660592,-0.5473412286108489,-0.5993134013758197
2022-09-04,20007.0,30831.453649999996,4992,0.02300966405890481,-0.5852261996399779,-0.613833660687815
2022-09-11,21835.0,30183.464949999998,4999,0.0913680211925827,-0.6009317380350343,-0.5256869772998805
2022-09-18,19419.0,29462.512349999997,5006,-0.11064804213418822,-0.6844438572826292,-0.5889745529973913
2022-09-25,18810.0,28737.87415,5013,-0.03136103815850455,-0.6911845248805782,-0.5646310022073973
2022-10-02,19051.0,28038.854299999995,5020,0.012812333864965497,-0.6895180268920316,-0.6050454505593652
2022-10-09,19445.0,27268.3143,5027,0.020681329064091036,-0.6928120063191153,-0.6446126698461755
2022-10-16,19264.0,26332.358699999997,5034,-0.009308305476986356,-0.7059374411825272,-0.6869625864716293
2022-10-23,19574.0,25410.63645,5041,0.016092192691029794,-0.6664193868722208,-0.6786414614573333
2022-10-30,20628.0,24666.24425,5048,0.05384693981812605,-0.6402420361170627,-0.6638170100639771
2022-11-06,20907.0,23968.2149,5055,0.01352530541012209,-0.5773223012978128,-0.6697156398104265
2022-11-13,16310.0,23196.97685,5062,-0.21987850959008948,-0.6746094415531922,-0.751029882977939
2022-11-20,16256.0,22427.0771,5069,-0.003310852237890849,-0.6519405875258298,-0.7229648284967212
2022-11-27,16424.0,21839.1717,5076,0.010334645669291431,-0.6766369613954856,-0.7135609463441263
2022-12-04,17114.0,21386.586399999997,5083,0.042011690209449615,-0.6385655652708688,-0.6540055418955741
2022-12-11,17091.0,20947.0374,5090,-0.001343928947060924,-0.5918646110964778,-0.6590282014460827
2022-12-18,16749.0,20501.014000000003,5097,-0.020010531858873137,-0.611461525435131,-0.6413848979127783
2022-12-25,16828.0,20025.680650000002,5104,0.004716699504448085,-0.5363372405397974,-0.6686828291745757
2023-01-01,16615.0,19702.167,5111,-0.012657475635845072,-0.5620926987687992,-0.6491040590730096
2023-01-08,17119.0,19584.50395,5118,0.03033403551008118,-0.5964426415314954,-0.5911959673138263
2023-01-15,20885.0,19521.0311,5125,0.21998948536713603,-0.5036568028606099,-0.5155157895225215
2023-01-22,22717.0,19589.2527,5132,0.08771845822360547,-0.4080090895113606,-0.37407731717034565
2023-01-29,23746.0,19670.801050000002,5139,0.04529647400625092,-0.37034440405720304,-0.3741470493508219
2023-02-05,22937.0,19722.9683,5146,-0.03406889581403183,-0.4032866193586755,-0.4592911308375436
2023-02-12,21789.0,19721.1109,5153,-0.05005013733269392,-0.4234271328221296,-0.4821727592784213
2023-02-19,24296.0,19729.33165,5160,0.11505805681766024,-0.41089380909913986,-0.36686133022705536
2023-02-26,23562.0,19750.81,5167,-0.030210734277247298,-0.49723019973160854,-0.37522339966292506
2023-03-05,22428.0,19712.83,5174,-0.048128342245989275,-0.5166542856200771,-0.41652841692358966
2023-03-12,22183.0,19706.3,5181,-0.010923845193508086,-0.4735112029876216,-0.4130012431682638
2023-03-19,28054.0,19902.67,5188,0.26466212865707983,-0.2931946999932227,-0.3197734162194299
2023-03-26,28004.0,20187.035,5195,-0.001782277037142621,-0.2904523733511709,-0.4024460789951603
2023-04-02,28186.0,20431.665,5202,0.006499071561205438,-0.2676743138311498,-0.3925636567900612
2023-04-09,28340.0,20734.465,5209,0.005463705385652551,-0.16709526678520525,-0.32738166581026895
2023-04-16,30330.0,21120.61,5216,0.07021877205363447,-0.030836525799783465,-0.23585211559116137
2023-04-23,27596.0,21430.88,5223,-0.09014177382129906,-0.08817743202798245,-0.30079001910437475
2023-04-30,29235.0,21760.105,5230,0.059392665603710704,-0.0072647776116898655,-0.2404193062106601
2023-05-07,28472.0,22093.495,5237,-0.026098854113220438,-0.04740810827268105,-0.16321582342654772
2023-05-14,26933.0,22359.995,5244,-0.054053104804720475,0.013086277651767508,-0.1393841130684329
2023-05-21,26750.0,22588.53,5251,-0.006794638547506726,0.3015245596468028,-0.11613082717598677
2023-05-28,28072.0,22838.33,5258,0.049420560747663655,0.3349381250092136,-0.04675686119772049
2023-06-04,27125.0,23204.225,5265,-0.03373468224565401,0.405843957281002,-0.09247488539254267
2023-06-11,25941.0,23550.395,5272,-0.04364976958525346,0.2438099585348732,-0.024227856957468652
2023-06-18,26340.0,23880.04,5279,0.015381057013993393,0.26623353211373035,0.28157595891950593
2023-06-25,30477.0,24319.205,5286,0.15706150341685654,0.34878988626652463,0.44930568665951154
2023-07-02,30616.0,24778.255,5293,0.004560816353315511,0.3127220760354903,0.5867767224374252
2023-07-09,30167.0,25255.54,5300,-0.014665534361118393,0.3009959625006793,0.4464367225288739
2023-07-16,30253.0,25737.32,5307,0.002850797228759916,0.24395559210526319,0.4543418013301703
2023-07-23,30085.0,26202.135,5314,-0.005553168280831633,0.39839174491029095,0.3314415371699442
2023-07-30,29279.0,26624.81,5321,-0.02679075951470833,0.4971110088459376,0.25539553384645663
2023-08-06,29042.0,26928.875,5328,-0.008094538747908109,0.451591942820013,0.2524786933717218
2023-08-13,29284.0,27169.64,5335,0.00833275945182832,0.3411495305701855,0.20411184210526323
2023-08-20,26192.0,27318.13,5342,-0.10558666848791154,0.34878212060353264,0.21743980663753826
2023-08-27,26090.0,27421.815,5349,-0.003894318875992675,0.3870281765018606,0.33404918954849916
2023-09-03,25970.0,27568.155,5356,-0.004599463395937087,0.36318303501128546,0.2980456840105963
2023-09-10,25836.0,27621.755,5363,-0.005159799768964191,0.3286706094111598,0.18323792076940681
2023-09-17,26535.0,27718.52,5370,0.027055271713887663,0.37743978405315604,0.3664452340491271
2023-09-24,26248.0,27869.4,5377,-0.01081590352364803,0.3409625012772044,0.3954279638490166
2023-10-01,27995.0,28024.645,5384,0.06655745199634255,0.35713593174326164,0.46947666789144926
2023-10-08,27933.0,28040.265,5391,-0.0022146811930702226,0.3360596929258144,0.4365132424787863
2023-10-15,27174.0,28017.31,5398,-0.027172161958973207,0.6660944206008583,0.41061046511627897
2023-10-22,30002.0,28048.595,5405,0.10407006697578569,0.8455954724409449,0.5327475222233575
2023-10-29,34538.0,28229.08,5412,0.15118992067195514,1.1028981977593766,0.6743261586193523
2023-11-05,35045.0,28399.835,5419,0.014679483467485044,1.0477386934673367,0.6762328406753719
2023-11-12,37086.0,28695.84,5426,0.058239406477386124,1.1699139898192032,1.2738197424892705
2023-11-19,37426.0,28964.04,5433,0.009167880062557199,1.2345214639679982,1.3022883858267718
2023-11-26,37460.0,29275.235,5440,0.0009084593598034374,1.226051818397908,1.2808085728202632
2023-12-03,39989.0,29673.735,5447,0.06751201281366792,1.406801083358411,1.3366249853920769
2023-12-10,43786.0,30257.85,5454,0.09495111155567781,1.5577428588118463,1.561933181206483
2023-12-17,41345.0,30774.455,5461,-0.05574841273466402,0.9796504668422312,1.4685055824228312
2023-12-24,43033.0,31352.52,5468,0.04082718587495471,0.8943082273187482,1.557226051818398
2023-12-31,42258.0,31936.9,5475,-0.018009434619942866,0.77958392992504,1.5433644297321698
2024-01-07,43944.0,32528.98,5482,0.03989777083629131,0.9158564764354535,1.5669723698814182
2024-01-14,41715.0,33033.065,5489,-0.05072364827962861,0.9144981412639406,0.9973665310031123
2024-01-21,41560.0,33432.84,5496,-0.003715689799832167,0.7105696410931841,0.8294669190474093
2024-01-28,42026.0,33798.89,5503,0.011212704523580364,0.7836346659876072,0.769813863387518
2024-02-04,42570.0,34240.54,5510,0.012944367772331322,0.8980738362760834,0.8559532632863931
2024-02-11,48313.0,34797.03,5517,0.13490721165139763,1.1779290447640083,1.2173114874477946
2024-02-18,52130.0,35567.69,5524,0.07900565065303344,0.8582020389249305,1.145620678300955
2024-02-25,51722.0,36349.355,5531,-0.007826587377709582,0.8469504356520496,1.1951447245564895
2024-03-03,63142.0,37439.815,5538,0.22079579289277285,1.240190165330306,1.8153201355448547
2024-03-10,69026.0,38876.865,5545,0.09318678534097757,1.4356386732533521,2.111662083577514
2024-03-17,68352.0,40405.645,5552,-0.009764436589111303,1.253610286844708,1.4364440008554928
2024-03-24,67188.0,41790.36,5559,-0.017029494382022503,1.4347006812581533,1.3992286816169117
2024-03-31,71285.0,43339.395,5566,0.060978150860272695,1.4383444501453737,1.5290924572482791
2024-04-07,69358.0,44781.755,5573,-0.02703233499333657,1.4360073054228715,1.4473535638673254
2024-04-14,65749.0,46249.28,5580,-0.05203437238674702,1.4412059555192513,1.1677876689746127
2024-04-21,64950.0,47520.24,5587,-0.012152276080244606,1.42803738317757,1.3536019713001886
2024-04-28,63098.0,48816.08,5594,-0.028514241724403422,1.2477201481903677,1.158303403454763
2024-05-05,64021.0,50014.82,5601,0.014628038923579112,1.3602211981566819,1.248559988760888
2024-05-12,61462.0,51079.68,5608,-0.039971259430499395,1.3692995643961297,1.2820331934801175
2024-05-19,66275.0,52154.345,5615,0.07830854837135148,1.5161351556567957,1.477570093457944
2024-05-26,68489.0,53349.45,5622,0.03340626178800443,1.2472356203038357,1.4397620404673694
2024-06-02,67752.0,54441.435,5629,-0.010760852107637775,1.212960543506663,1.4977695852534563
2024-06-09,69640.0,55601.75,5636,0.027866336049120255,1.3084827791958098,1.6845534096603831
2024-06-16,66622.0,56638.375,5643,-0.043337162550258435,1.2021617690807522,1.529309035687168
2024-06-23,63154.0,57474.31,5650,-0.052054876767434144,1.0991856406847265,1.0721855825704631
2024-06-30,62676.0,58113.16,5657,-0.007568800076004689,1.1406468800163938,1.0471648811079173
2024-07-07,55829.0,58691.365,5664,-0.10924436786010594,0.9223538323806901,0.8506646335399608
2024-07-14,60823.0,59209.1,5671,0.08945171864084966,1.0770045075809316,1.01047829967276
2024-07-21,68158.0,60003.3,5678,0.12059582723640738,1.6022449602932194,1.2655143759348513
2024-07-28,68264.0,60766.51,5685,0.0015552099533437946,1.6164814105021081,1.3315003927729774
2024-08-04,58142.0,61471.675,5692,-0.14827727645611155,1.2388140161725065,1.001997107637215
2024-08-11,58725.0,62080.8,5699,0.01002717484778648,1.2729911751045053,1.0053612894413333
2024-08-18,58430.0,62672.515,5706,-0.005023414218816469,1.2019973619747502,1.2308338423946243
2024-08-25,64262.0,63325.8,5713,0.09981174054424091,1.4482627247790307,1.4630893062476042
2024-09-01,57310.0,63705.91,5720,-0.10818212940773708,1.0471512770137523,1.2067770504428186
2024-09-08,54866.0,63855.43,5727,-0.042645262606874845,0.9642000501199299,1.123625948289209
2024-09-15,59130.0,64007.94,5734,0.0777166186709437,1.175977036873482,1.2283776144714529
2024-09-22,63563.0,63939.435,5741,0.07497040419414858,1.1186254249716687,1.4216321243523318
2024-09-29,65601.0,63758.125,5748,0.03206267797303464,0.8993861833342984,1.343311305590284
2024-10-06,62814.0,63561.01,5755,-0.04248410847395623,0.7923812241403909,1.2487380517667277
2024-10-13,62849.0,63380.525,5762,0.0005572006240646132,0.6946826295637167,1.3128357989254433
2024-10-20,69011.0,63336.4,5769,0.09804451940365011,0.8439320258643723,1.3002133191120593
2024-10-27,67938.0,63261.145,5776,-0.015548245931807925,0.8136145221569675,0.9670507846430019
2024-11-03,68738.0,63447.41,5783,0.01177544231505201,0.7189227037435295,0.9614210301041517
2024-11-10,80425.0,63785.705,5790,0.17002240391050072,0.8367743114237427,1.1686081000916788
2024-11-17,89861.0,64729.25,5797,0.11732670189617656,1.1734429798040877,1.4010313685673061
2024-11-24,98007.0,65899.03,5804,0.09065111672471926,1.2774847210280482,1.6163107314468768
2024-12-01,97291.0,67053.935,5811,-0.007305600620363895,1.3023096218467507,1.4329440596163945
2024-12-08,101204.0,68116.34,5818,0.040219547542938106,1.3030220280356817,1.3113323893481934
2024-12-15,104427.0,69231.785,5825,0.03184656732935465,1.503344120819849,1.5257467650260006
2024-12-22,95098.0,70322.2,5832,-0.0893351336340219,1.2882098171318574,1.2098854367578369
2024-12-29,93557.0,71258.07,5839,-0.016204336579107914,1.2261695141103126,1.213947654881916
2025-01-05,98327.0,72307.44,5846,0.050984961039793886,1.3097721400046982,1.2375523393409793
2025-01-12,94497.0,73464.53,5853,-0.03895166129343919,0.9559331856850124,1.2653002517080187
2025-01-19,101237.0,74818.585,5860,0.0713250156089611,0.9420103587185882,1.4359239653512992
2025-01-26,102573.0,76457.525,5867,0.013196756126712561,0.9831599706121186,1.4407033741017465
2025-02-02,97675.0,77874.35,5874,-0.04775135756973081,0.5469101390516613,1.294456189805027
2025-02-09,96477.0,78959.6,5881,-0.012265165088302998,0.39769072523396987,0.9969159439488335
2025-02-16,96132.0,80017.295,5888,-0.003575981840231335,0.4064255617977528,0.8440821024362171
2025-02-23,96262.0,81340.28,5895,0.0013523072442058748,0.4327260820384593,0.8611422605467693
2025-03-02,94273.0,82303.04,5902,-0.0206623589786209,0.3224801851721961,0.49303157961420285
2025-03-09,80708.0,83270.855,5909,-0.14389061555270333,0.1636437036823437,0.169240576014835
2025-03-16,82555.0,83984.805,5916,0.022884968032908848,0.255608450318636,0.20779201779026213
2025-03-23,86084.0,84896.955,5923,0.042747259402822424,0.3253887605850654,0.2812406977436448
2025-03-30,82359.0,85933.155,5930,-0.04327168811858184,0.30525531712574083,0.15534824998246477
2025-04-06,78342.0,86737.81,5937,-0.04877426875022761,0.2236922259883476,0.12953083998961912
2025-04-13,83712.0,87368.155,5944,0.06854560771999685,0.3620123002831017,0.27320567613195634
2025-04-20,85198.0,88092.295,5951,0.01775133792048922,0.2855224443606186,0.31174749807544266
2025-04-27,93769.0,89188.56,5958,0.10060095307401573,0.3691103680883061,0.4860851374053061
2025-05-04,94316.0,90276.925,5965,0.005833484413825474,0.39207698665722046,0.4732041049030786
2025-05-11,104129.0,91423.315,5972,0.10404385258068616,0.49524698449167137,0.6942012951091732
2025-05-18,106520.0,92637.225,5979,0.02296190302413348,0.5988712437333013,0.6072425499811391
2025-05-25,109068.0,93974.565,5986,0.023920390536988467,0.7270164993507933,0.592489304851874
2025-06-01,105705.0,94820.92,5993,-0.030833975134778258,0.6865307294658243,0.5601753453772582
2025-06-08,105792.0,95307.35,6000,0.0008230452674897748,0.8949291586809722,0.5191269385410684
2025-06-15,105617.0,95697.45,6007,-0.0016541893526921259,0.7364648241619125,0.5853171624988742
2025-06-22,101015.0,95947.6,6014,-0.04357253093725444,0.4820710701605093,0.5995028026728315
2025-06-29,108384.0,96224.82,6021,0.07294956194624569,0.5877182702449315,0.7292743633926861
2025-07-06,109233.0,96410.83,6028,0.007833259521700553,0.878727941935262,0.9565637930108009
2025-07-13,119135.0,97003.66,6035,0.09065026136790166,1.0286930608769689,0.9587162750933036
2025-07-20,117339.0,97853.51,6042,-0.015075334704326981,1.0081978435735066,0.7215734029754395
2025-07-27,119469.0,98572.635,6049,0.01815253240610537,0.8590924652205036,0.7501025430680885
2025-08-03,114226.0,99281.15,6056,-0.04388586160426555,0.9931251090560111,0.9646039007946063
2025-08-10,119310.0,99743.75,6063,0.044508255563531884,1.1745707724273684,1.0316730523627076
2025-08-17,117490.0,100292.455,6070,-0.01525437934791718,0.986977845425334,1.0107821324661987
2025-08-24,113478.0,100794.01,6077,-0.03414758702868326,0.785283891572141,0.7658647412156485
2025-08-31,108269.0,101264.38,6084,-0.04590317065862992,0.6504169143763052,0.8891816436922002
2025-09-07,111144.0,101760.02,6091,0.026554230666210987,0.7694144617441971,1.025735428133999
2025-09-14,115342.0,102505.41,6098,0.03777081983732811,0.8352241085777021,0.9506511077287334
2025-09-21,115292.0,103501.92,6105,-0.00043349343690934905,0.6706322180521946,0.8138225068042728
2025-09-28,112203.0,104452.305,6112,-0.0267928390521458,0.6515499425947187,0.7103855124159693
2025-10-05,123519.0,105704.28,6119,0.10085291837116661,0.7969536500916523,0.9664246823956444
2025-10-12,115090.0,106854.41,6126,-0.06824051360519434,0.43102269194902076,0.8312144982418177
2025-10-19,108684.0,107769.2,6133,-0.055660787210009555,0.20946795606547886,0.5748793670574257
2025-10-26,114551.0,108804.79,6140,0.05398218689043466,0.16880426908282065,0.6861108657893962
2025-11-02,110530.0,109761.155,6147,-0.03510226885841239,0.13607630716099117,0.6079897582123426
2025-11-09,104705.0,110306.275,6154,-0.052700624264905405,0.03459349432828751,0.3018961765620143
2025-11-16,94187.0,110475.28,6161,-0.10045365550833296,-0.09805893111934649,0.04814101779414881
2025-11-23,86803.0,110211.635,6168,-0.0783972310403771,-0.08722580916528211,-0.1143183650147438
2025-11-30,90382.0,109731.06,6175,0.04123129384929092,-0.03393653067114166,-0.07101376283520577
2025-12-07,90405.0,109196.245,6182,0.00025447544865131455,-0.08056790098345312,-0.10670526856645979
2025-12-14,88164.0,108568.325,6189,-0.024788451966152314,-0.06701800057144669,-0.15573558562440748
2025-12-21,88636.0,107942.915,6196,0.005353659089877949,-0.12447030235980916,-0.06795095585606425
2025-12-28,87870.0,107278.29,6203,-0.008642086736766141,-0.1433418150975403,-0.06078647241788426
2026-01-04,91501.0,106700.845,6210,0.04132240810287935,-0.0632096237522396,-0.06942142036266741
2026-01-11,90872.0,106258.27,6217,-0.0068742418115649295,-0.05809674844781654,-0.038361006169507994
2026-01-18,93636.0,105816.975,6224,0.030416409895237306,-0.025964299088752973,-0.07508124499935798
2026-01-25,86567.0,105122.915,6231,-0.07549446793968129,-0.10071471608734495,-0.15604496309945115
2026-02-01,76888.0,103943.705,6238,-0.11180934998324998,-0.1844112312114815,-0.21281801894036345
2026-02-08,70283.0,102300.555,6245,-0.08590417230256997,-0.12916935124151263,-0.271505125573971
2026-02-15,68792.0,100562.1,6252,-0.0212142338830158,-0.16671310035733755,-0.28440061581991427
2026-02-22,67612.0,98928.84,6259,-0.017153157343877234,-0.21458110682589104,-0.2976252311400137
2026-03-01,65771.0,97081.945,6266,-0.027228894279122007,-0.20141089619835117,-0.3023347087713343
2026-03-08,65975.0,95421.515,6273,0.0031016709492024397,-0.157859130479181,-0.18254695940922838
2026-03-15,72831.0,93935.06,6280,0.10391815081470246,-0.1299813646788991,-0.11778814123917392
2026-03-22,67860.0,92569.94,6287,-0.06825390287103017,-0.2035024296344985,-0.21170019980484178
2026-03-29,65954.0,91068.52,6294,-0.028087238432066064,-0.29663321566829126,-0.19918891681540574
2026-04-05,68999.0,89376.05,6301,0.046168541710889466,-0.26842741422452177,-0.11925914579663521
2026-04-12,70746.0,87868.715,6308,0.025319207524746812,-0.3205927263298408,-0.15488818807339455
2026-04-19,75817.0,86566.605,6315,0.0716789641817206,-0.2882369508073601,-0.11010821850278174
